Order_ID,Product_ID,Customer_ID,Warehouse_ID,Order_Date,Expected_Delivery,Actual_Delivery,Quantity,Unit_Price,Discount_Pct,Total_Amount,Status,On_Time,Region
SO00001,PRD0012,CUST0131,WH003,2025-08-24,2025-09-01,2025-08-30,80,4408.94,0.07,328025.14,Delivered,Yes,Bangalore
SO00002,PRD0042,CUST0059,WH002,2025-05-20,2025-05-29,,78,3184.88,0.0,248420.64,Cancelled,No,Chennai
SO00003,PRD0061,CUST0010,WH002,2025-09-27,2025-10-01,2025-10-04,2,145.59,0.18,238.77,Delivered,No,Lucknow
SO00004,PRD0019,CUST0124,WH007,2026-02-09,2026-02-18,2026-02-25,78,4716.38,0.15,312695.99,Delivered,No,Kanpur
SO00005,PRD0042,CUST0058,WH004,2025-11-05,2025-11-18,,70,3184.88,0.17,185041.53,Shipped,No,Kanpur
SO00006,PRD0020,CUST0074,WH003,2025-04-13,2025-04-25,2025-04-27,42,4041.09,0.09,154450.46,Delivered,No,Ahmedabad
SO00007,PRD0019,CUST0122,WH005,2025-03-16,2025-03-28,,96,4716.38,0.14,389384.33,Shipped,No,Chennai
SO00008,PRD0098,CUST0158,WH006,2025-11-30,2025-12-09,2025-12-14,34,1182.85,0.06,37803.89,Delivered,No,Bangalore
SO00009,PRD0079,CUST0103,WH002,2025-07-26,2025-07-29,2025-08-01,34,3243.13,0.01,109163.76,Delivered,No,Pune
SO00010,PRD0038,CUST0077,WH007,2025-10-30,2025-11-10,2025-11-09,48,1808.04,0.18,71164.45,Delivered,Yes,Kochi
SO00011,PRD0061,CUST0053,WH005,2025-09-17,2025-09-28,2025-10-02,62,145.59,0.16,7582.33,Delivered,No,Nagpur
SO00012,PRD0001,CUST0076,WH004,2025-04-07,2025-04-12,2025-04-19,23,3710.34,0.01,84484.44,Delivered,No,Nagpur
SO00013,PRD0046,CUST0013,WH008,2025-08-20,2025-09-01,,83,3056.69,0.1,228334.74,Shipped,No,Kanpur
SO00014,PRD0018,CUST0053,WH003,2025-04-05,2025-04-11,,95,74.36,0.12,6216.5,Processing,No,Nagpur
SO00015,PRD0028,CUST0055,WH003,2025-03-16,2025-03-20,2025-03-18,10,3188.13,0.04,30606.05,Delivered,Yes,Kochi
SO00016,PRD0005,CUST0181,WH007,2025-09-21,2025-09-26,,11,1210.42,0.06,12515.74,Cancelled,No,Delhi
SO00017,PRD0007,CUST0193,WH004,2025-07-01,2025-07-02,2025-07-08,7,3299.83,0.08,21250.91,Delivered,No,Nagpur
SO00018,PRD0061,CUST0021,WH005,2026-02-02,2026-02-10,2026-02-17,10,145.59,0.17,1208.4,Delivered,No,Kolkata
SO00019,PRD0059,CUST0174,WH003,2025-05-29,2025-06-11,2025-06-15,46,2580.04,0.06,111560.93,Delivered,No,Mumbai
SO00020,PRD0017,CUST0185,WH005,2026-01-22,2026-01-27,2026-01-25,2,898.52,0.01,1779.07,Delivered,Yes,Hyderabad
SO00021,PRD0058,CUST0130,WH008,2026-01-28,2026-02-02,2026-01-31,38,706.89,0.14,23101.17,Delivered,Yes,Chennai
SO00022,PRD0029,CUST0055,WH004,2025-06-06,2025-06-11,2025-06-13,80,958.78,0.09,69799.18,Delivered,No,Kochi
SO00023,PRD0081,CUST0081,WH002,2025-07-28,2025-08-06,2025-08-08,94,2414.08,0.19,183808.05,Delivered,No,Coimbatore
SO00024,PRD0086,CUST0019,WH002,2025-12-12,2025-12-25,,45,1805.94,0.03,78829.28,Shipped,No,Pune
SO00025,PRD0027,CUST0069,WH007,2025-05-21,2025-05-28,2025-05-30,71,860.35,0.12,53754.67,Delivered,No,Kanpur
SO00026,PRD0064,CUST0022,WH007,2025-06-05,2025-06-08,2025-06-12,55,1528.35,0.03,81537.47,Delivered,No,Pune
SO00027,PRD0059,CUST0198,WH003,2025-03-26,2025-04-03,,8,2580.04,0.02,20227.51,Shipped,No,Hyderabad
SO00028,PRD0061,CUST0132,WH003,2025-08-07,2025-08-11,,6,145.59,0.14,751.24,Processing,No,Jaipur
SO00029,PRD0043,CUST0177,WH001,2025-11-30,2025-12-10,2025-12-09,12,4966.02,0.2,47673.79,Delivered,Yes,Lucknow
SO00030,PRD0074,CUST0071,WH003,2026-03-10,2026-03-12,2026-03-11,50,4189.13,0.07,194794.54,Delivered,Yes,Surat
SO00031,PRD0083,CUST0138,WH005,2026-01-26,2026-02-06,,48,3433.07,0.01,163139.49,Cancelled,No,Kochi
SO00032,PRD0052,CUST0133,WH007,2025-07-09,2025-07-20,2025-07-23,73,4858.41,0.07,329837.45,Delivered,No,Kolkata
SO00033,PRD0050,CUST0169,WH005,2025-04-12,2025-04-13,2025-04-14,14,1912.62,0.07,24902.31,Delivered,No,Mumbai
SO00034,PRD0085,CUST0008,WH006,2025-11-02,2025-11-03,,10,4254.94,0.16,35741.5,Shipped,No,Bangalore
SO00035,PRD0017,CUST0067,WH004,2025-09-03,2025-09-08,2025-09-12,88,898.52,0.05,75116.27,Delivered,No,Nagpur
SO00036,PRD0035,CUST0184,WH007,2025-03-13,2025-03-26,,99,2218.25,0.19,177881.47,Shipped,No,Pune
SO00037,PRD0001,CUST0031,WH004,2025-11-02,2025-11-13,,25,3710.34,0.16,77917.14,Shipped,No,Pune
SO00038,PRD0096,CUST0089,WH004,2025-05-29,2025-06-12,2025-06-10,89,4666.13,0.19,336381.31,Delivered,Yes,Nagpur
SO00039,PRD0067,CUST0068,WH004,2025-10-15,2025-10-19,2025-10-20,16,2944.43,0.12,41457.57,Delivered,No,Kolkata
SO00040,PRD0028,CUST0030,WH006,2026-02-08,2026-02-15,,8,3188.13,0.03,24739.89,Shipped,No,Surat
SO00041,PRD0036,CUST0048,WH003,2025-08-21,2025-08-26,,13,2595.06,0.08,31036.92,Shipped,No,Nagpur
SO00042,PRD0093,CUST0163,WH002,2026-02-07,2026-02-12,2026-02-14,49,1895.09,0.12,81716.28,Delivered,No,Kolkata
SO00043,PRD0004,CUST0186,WH003,2025-09-08,2025-09-13,2025-09-19,78,1617.34,0.18,103445.07,Delivered,No,Nagpur
SO00044,PRD0092,CUST0069,WH002,2025-09-06,2025-09-09,2025-09-11,11,2345.24,0.19,20896.09,Delivered,No,Kanpur
SO00045,PRD0007,CUST0137,WH005,2025-11-09,2025-11-18,2025-11-18,66,3299.83,0.18,178586.8,Delivered,Yes,Kochi
SO00046,PRD0026,CUST0168,WH003,2025-09-22,2025-09-24,2025-09-25,57,2796.29,0.13,138668.02,Delivered,No,Kochi
SO00047,PRD0007,CUST0018,WH007,2025-10-31,2025-11-05,,88,3299.83,0.14,249731.13,Cancelled,No,Chennai
SO00048,PRD0004,CUST0123,WH004,2025-04-01,2025-04-14,,92,1617.34,0.12,130939.85,Shipped,No,Hyderabad
SO00049,PRD0085,CUST0062,WH003,2026-01-03,2026-01-15,2026-01-22,59,4254.94,0.15,213385.24,Delivered,No,Nagpur
SO00050,PRD0039,CUST0102,WH006,2025-09-02,2025-09-08,,12,3144.28,0.14,32448.97,Processing,No,Mumbai
SO00051,PRD0059,CUST0135,WH007,2026-01-20,2026-01-25,2026-01-31,74,2580.04,0.2,152738.37,Delivered,No,Mumbai
SO00052,PRD0030,CUST0070,WH002,2026-01-23,2026-01-24,2026-01-31,85,4593.93,0.06,367055.01,Delivered,No,Kochi
SO00053,PRD0039,CUST0104,WH006,2025-12-15,2025-12-21,,33,3144.28,0.18,85084.22,Processing,No,Mumbai
SO00054,PRD0020,CUST0053,WH002,2025-11-09,2025-11-13,,20,4041.09,0.13,70314.97,Processing,No,Nagpur
SO00055,PRD0083,CUST0040,WH004,2026-03-05,2026-03-10,,95,3433.07,0.17,270697.57,Processing,No,Lucknow
SO00056,PRD0036,CUST0172,WH005,2025-06-09,2025-06-18,,72,2595.06,0.0,186844.32,Shipped,No,Bangalore
SO00057,PRD0016,CUST0178,WH007,2025-07-05,2025-07-13,2025-07-18,51,3671.73,0.13,162914.66,Delivered,No,Lucknow
SO00058,PRD0082,CUST0156,WH007,2025-09-09,2025-09-20,,54,3161.39,0.16,143400.65,Shipped,No,Hyderabad
SO00059,PRD0039,CUST0182,WH008,2025-05-31,2025-06-14,,61,3144.28,0.19,155358.87,Processing,No,Kanpur
SO00060,PRD0072,CUST0105,WH005,2026-02-22,2026-03-02,,6,1668.38,0.06,9409.66,Processing,No,Kanpur
SO00061,PRD0039,CUST0165,WH001,2025-06-14,2025-06-19,2025-06-22,15,3144.28,0.11,41976.14,Delivered,No,Bangalore
SO00062,PRD0017,CUST0012,WH008,2025-11-24,2025-12-08,,59,898.52,0.02,51952.43,Processing,No,Chennai
SO00063,PRD0059,CUST0017,WH004,2025-09-09,2025-09-12,,74,2580.04,0.09,173739.89,Processing,No,Bangalore
SO00064,PRD0008,CUST0094,WH004,2025-06-15,2025-06-23,,59,3084.59,0.09,165611.64,Shipped,No,Coimbatore
SO00065,PRD0038,CUST0158,WH005,2025-04-21,2025-05-03,,97,1808.04,0.01,173626.08,Shipped,No,Bangalore
SO00066,PRD0026,CUST0121,WH006,2025-09-11,2025-09-21,2025-09-28,16,2796.29,0.12,39371.76,Delivered,No,Delhi
SO00067,PRD0022,CUST0138,WH007,2025-12-26,2026-01-01,2026-01-05,33,1820.46,0.03,58272.92,Delivered,No,Kochi
SO00068,PRD0064,CUST0107,WH003,2026-01-23,2026-02-02,,84,1528.35,0.12,112975.63,Cancelled,No,Jaipur
SO00069,PRD0076,CUST0023,WH008,2025-08-04,2025-08-06,,56,2008.76,0.17,93367.16,Shipped,No,Bangalore
SO00070,PRD0099,CUST0175,WH008,2026-01-06,2026-01-14,2026-01-20,46,3950.54,0.08,167186.85,Delivered,No,Kanpur
SO00071,PRD0071,CUST0199,WH003,2026-03-10,2026-03-24,,41,687.21,0.12,24794.54,Shipped,No,Hyderabad
SO00072,PRD0030,CUST0060,WH007,2025-03-14,2025-03-15,,48,4593.93,0.17,183022.17,Cancelled,No,Pune
SO00073,PRD0016,CUST0180,WH001,2025-08-17,2025-08-24,,28,3671.73,0.16,86359.09,Cancelled,No,Bangalore
SO00074,PRD0014,CUST0050,WH004,2025-11-15,2025-11-27,,84,480.49,0.13,35114.21,Processing,No,Nagpur
SO00075,PRD0018,CUST0186,WH006,2026-02-11,2026-02-18,,6,74.36,0.13,388.16,Shipped,No,Nagpur
SO00076,PRD0057,CUST0014,WH008,2026-01-23,2026-02-06,2026-02-11,62,4906.51,0.19,246404.93,Delivered,No,Mumbai
SO00077,PRD0021,CUST0024,WH006,2025-07-14,2025-07-28,2025-07-30,5,238.64,0.07,1109.68,Delivered,No,Coimbatore
SO00078,PRD0016,CUST0072,WH003,2025-03-14,2025-03-22,,8,3671.73,0.03,28492.62,Shipped,No,Chennai
SO00079,PRD0008,CUST0189,WH003,2025-03-20,2025-03-26,,3,3084.59,0.14,7958.24,Cancelled,No,Mumbai
SO00080,PRD0056,CUST0175,WH004,2026-01-23,2026-01-29,2026-01-31,33,1966.0,0.12,57092.64,Delivered,No,Kanpur
SO00081,PRD0023,CUST0034,WH003,2025-08-28,2025-08-29,,80,1623.61,0.14,111704.37,Cancelled,No,Coimbatore
SO00082,PRD0016,CUST0153,WH007,2025-07-29,2025-08-07,2025-08-12,42,3671.73,0.03,149586.28,Delivered,No,Delhi
SO00083,PRD0060,CUST0110,WH002,2025-04-01,2025-04-08,,28,4529.66,0.1,114147.43,Cancelled,No,Jaipur
SO00084,PRD0034,CUST0008,WH005,2026-01-11,2026-01-16,,71,4238.6,0.05,285893.57,Cancelled,No,Bangalore
SO00085,PRD0068,CUST0151,WH002,2025-12-09,2025-12-15,,44,769.95,0.14,29134.91,Cancelled,No,Kochi
SO00086,PRD0009,CUST0143,WH003,2025-07-04,2025-07-15,,50,2934.73,0.19,118856.56,Shipped,No,Kolkata
SO00087,PRD0087,CUST0116,WH004,2025-12-17,2025-12-30,,53,2218.99,0.04,112902.21,Cancelled,No,Hyderabad
SO00088,PRD0097,CUST0006,WH005,2025-06-29,2025-07-13,2025-07-15,24,1109.0,0.0,26616.0,Delivered,No,Hyderabad
SO00089,PRD0084,CUST0187,WH003,2025-06-20,2025-06-26,2025-07-03,44,1046.01,0.19,37279.8,Delivered,No,Ahmedabad
SO00090,PRD0007,CUST0019,WH003,2025-05-31,2025-06-13,2025-06-18,21,3299.83,0.09,63059.75,Delivered,No,Pune
SO00091,PRD0016,CUST0038,WH004,2025-07-29,2025-08-10,,17,3671.73,0.11,55553.27,Shipped,No,Jaipur
SO00092,PRD0009,CUST0027,WH006,2025-08-20,2025-09-01,,100,2934.73,0.03,284668.81,Cancelled,No,Lucknow
SO00093,PRD0012,CUST0107,WH002,2025-08-25,2025-09-01,,42,4408.94,0.13,161102.67,Processing,No,Jaipur
SO00094,PRD0071,CUST0186,WH003,2025-04-24,2025-05-03,,8,687.21,0.19,4453.12,Shipped,No,Nagpur
SO00095,PRD0031,CUST0060,WH002,2025-05-27,2025-06-05,,35,3578.26,0.17,103948.45,Processing,No,Pune
SO00096,PRD0017,CUST0132,WH006,2025-10-30,2025-11-13,2025-11-17,52,898.52,0.0,46723.04,Delivered,No,Jaipur
SO00097,PRD0053,CUST0051,WH008,2025-10-15,2025-10-22,,79,2816.55,0.11,198031.63,Shipped,No,Surat
SO00098,PRD0079,CUST0046,WH006,2025-10-13,2025-10-26,,24,3243.13,0.16,65381.5,Cancelled,No,Jaipur
SO00099,PRD0003,CUST0100,WH003,2025-04-11,2025-04-18,,40,4021.49,0.05,152816.62,Cancelled,No,Lucknow
SO00100,PRD0019,CUST0040,WH004,2025-08-18,2025-08-21,,99,4716.38,0.12,410891.03,Cancelled,No,Lucknow
SO00101,PRD0089,CUST0168,WH003,2025-12-09,2025-12-23,2025-12-24,89,4237.75,0.07,350758.57,Delivered,No,Kochi
SO00102,PRD0039,CUST0129,WH004,2025-12-07,2025-12-08,,78,3144.28,0.17,203560.69,Shipped,No,Jaipur
SO00103,PRD0022,CUST0143,WH001,2025-05-07,2025-05-20,2025-05-24,46,1820.46,0.04,80391.51,Delivered,No,Kolkata
SO00104,PRD0079,CUST0182,WH007,2025-05-28,2025-06-05,,88,3243.13,0.11,254001.94,Shipped,No,Kanpur
SO00105,PRD0087,CUST0149,WH006,2025-06-13,2025-06-16,2025-06-21,14,2218.99,0.08,28580.59,Delivered,No,Kochi
SO00106,PRD0031,CUST0123,WH004,2026-03-01,2026-03-06,,9,3578.26,0.12,28339.82,Processing,No,Hyderabad
SO00107,PRD0034,CUST0140,WH005,2025-12-28,2026-01-04,2026-01-08,75,4238.6,0.07,295642.35,Delivered,No,Jaipur
SO00108,PRD0079,CUST0198,WH003,2025-06-19,2025-07-03,,61,3243.13,0.16,166177.98,Cancelled,No,Hyderabad
SO00109,PRD0083,CUST0193,WH002,2025-10-10,2025-10-16,,23,3433.07,0.07,73433.37,Processing,No,Nagpur
SO00110,PRD0014,CUST0062,WH001,2026-01-01,2026-01-03,,78,480.49,0.01,37103.44,Shipped,No,Nagpur
SO00111,PRD0026,CUST0027,WH005,2025-04-16,2025-04-23,,61,2796.29,0.11,151810.58,Processing,No,Lucknow
SO00112,PRD0035,CUST0084,WH004,2025-10-22,2025-10-30,,66,2218.25,0.03,142012.36,Processing,No,Ahmedabad
SO00113,PRD0066,CUST0074,WH007,2025-10-16,2025-10-17,,86,1485.58,0.01,126482.28,Shipped,No,Ahmedabad
SO00114,PRD0048,CUST0147,WH005,2025-07-27,2025-08-05,2025-08-06,28,2799.75,0.15,66634.05,Delivered,No,Lucknow
SO00115,PRD0099,CUST0022,WH003,2025-05-11,2025-05-23,2025-05-30,3,3950.54,0.03,11496.07,Delivered,No,Pune
SO00116,PRD0038,CUST0165,WH006,2025-05-29,2025-06-11,,39,1808.04,0.05,66987.88,Shipped,No,Bangalore
SO00117,PRD0067,CUST0069,WH008,2025-11-12,2025-11-26,,74,2944.43,0.17,180846.89,Shipped,No,Kanpur
SO00118,PRD0054,CUST0199,WH003,2026-03-01,2026-03-04,2026-03-11,37,3658.33,0.02,132651.05,Delivered,No,Hyderabad
SO00119,PRD0080,CUST0075,WH006,2025-08-18,2025-08-19,2025-08-23,87,202.98,0.12,15540.15,Delivered,No,Chennai
SO00120,PRD0015,CUST0180,WH003,2025-08-15,2025-08-21,,79,681.38,0.02,52752.44,Processing,No,Bangalore
SO00121,PRD0058,CUST0149,WH002,2025-10-18,2025-10-29,,23,706.89,0.11,14470.04,Cancelled,No,Kochi
SO00122,PRD0041,CUST0006,WH004,2025-12-02,2025-12-07,,34,4208.92,0.01,141672.25,Shipped,No,Hyderabad
SO00123,PRD0032,CUST0106,WH006,2025-04-17,2025-04-19,2025-04-25,20,762.23,0.11,13567.69,Delivered,No,Pune
SO00124,PRD0026,CUST0188,WH004,2025-11-30,2025-12-10,2025-12-12,56,2796.29,0.18,128405.64,Delivered,No,Lucknow
SO00125,PRD0015,CUST0169,WH005,2026-01-04,2026-01-14,2026-01-13,11,681.38,0.13,6520.81,Delivered,Yes,Mumbai
SO00126,PRD0054,CUST0194,WH005,2025-06-05,2025-06-06,2025-06-07,73,3658.33,0.16,224328.8,Delivered,No,Kochi
SO00127,PRD0049,CUST0080,WH007,2025-06-01,2025-06-13,2025-06-16,78,1070.46,0.19,67631.66,Delivered,No,Kolkata
SO00128,PRD0063,CUST0004,WH001,2025-08-09,2025-08-16,,56,4575.75,0.13,222930.54,Cancelled,No,Delhi
SO00129,PRD0099,CUST0021,WH005,2025-03-21,2025-03-26,2025-03-27,74,3950.54,0.19,236795.37,Delivered,No,Kolkata
SO00130,PRD0035,CUST0063,WH006,2025-09-02,2025-09-07,2025-09-13,87,2218.25,0.04,185268.24,Delivered,No,Kolkata
SO00131,PRD0022,CUST0124,WH008,2025-09-12,2025-09-20,2025-09-22,21,1820.46,0.11,34024.4,Delivered,No,Kanpur
SO00132,PRD0010,CUST0072,WH006,2025-03-29,2025-04-03,,32,2761.16,0.09,80404.98,Shipped,No,Chennai
SO00133,PRD0019,CUST0152,WH006,2025-06-26,2025-07-04,2025-07-06,81,4716.38,0.11,340003.83,Delivered,No,Nagpur
SO00134,PRD0075,CUST0118,WH005,2025-06-15,2025-06-28,2025-06-26,95,1534.55,0.05,138493.14,Delivered,Yes,Kanpur
SO00135,PRD0077,CUST0040,WH005,2026-01-19,2026-02-02,,23,645.7,0.17,12326.41,Cancelled,No,Lucknow
SO00136,PRD0074,CUST0197,WH008,2025-12-13,2025-12-21,2025-12-20,59,4189.13,0.12,217499.63,Delivered,Yes,Pune
SO00137,PRD0065,CUST0010,WH002,2025-09-10,2025-09-24,2025-09-28,21,4696.01,0.07,91713.08,Delivered,No,Lucknow
SO00138,PRD0081,CUST0011,WH002,2025-05-02,2025-05-16,2025-05-19,26,2414.08,0.03,60883.1,Delivered,No,Nagpur
SO00139,PRD0055,CUST0080,WH004,2025-06-04,2025-06-12,,78,1088.78,0.03,82377.09,Processing,No,Kolkata
SO00140,PRD0028,CUST0136,WH002,2026-01-04,2026-01-18,,82,3188.13,0.06,245741.06,Cancelled,No,Kanpur
SO00141,PRD0078,CUST0148,WH008,2025-04-21,2025-05-04,,66,3339.44,0.05,209382.89,Cancelled,No,Surat
SO00142,PRD0088,CUST0128,WH003,2026-03-08,2026-03-16,2026-03-20,72,3141.65,0.14,194530.97,Delivered,No,Bangalore
SO00143,PRD0072,CUST0185,WH008,2025-04-19,2025-05-02,,63,1668.38,0.12,92494.99,Cancelled,No,Hyderabad
SO00144,PRD0037,CUST0058,WH005,2025-05-17,2025-05-21,,66,1693.2,0.18,91635.98,Cancelled,No,Kanpur
SO00145,PRD0043,CUST0042,WH008,2025-06-10,2025-06-19,,35,4966.02,0.17,144262.88,Processing,No,Lucknow
SO00146,PRD0049,CUST0061,WH003,2025-07-19,2025-07-21,2025-07-27,56,1070.46,0.09,54550.64,Delivered,No,Chennai
SO00147,PRD0079,CUST0132,WH005,2026-01-20,2026-01-29,,62,3243.13,0.05,191020.36,Shipped,No,Jaipur
SO00148,PRD0100,CUST0114,WH006,2025-11-18,2025-12-01,,50,3938.86,0.18,161493.26,Processing,No,Coimbatore
SO00149,PRD0071,CUST0046,WH006,2025-07-20,2025-07-22,2025-07-24,3,687.21,0.09,1876.08,Delivered,No,Jaipur
SO00150,PRD0059,CUST0136,WH008,2025-12-05,2025-12-17,2025-12-24,49,2580.04,0.17,104930.23,Delivered,No,Kanpur
SO00151,PRD0091,CUST0040,WH003,2026-01-22,2026-02-04,,41,4316.09,0.04,169881.3,Shipped,No,Lucknow
SO00152,PRD0014,CUST0053,WH003,2025-08-27,2025-09-08,2025-09-07,96,480.49,0.06,43359.42,Delivered,Yes,Nagpur
SO00153,PRD0089,CUST0013,WH005,2025-04-27,2025-05-01,2025-05-07,7,4237.75,0.03,28774.32,Delivered,No,Kanpur
SO00154,PRD0038,CUST0179,WH001,2025-07-10,2025-07-15,2025-07-17,10,1808.04,0.14,15549.14,Delivered,No,Lucknow
SO00155,PRD0099,CUST0084,WH004,2026-01-14,2026-01-15,,14,3950.54,0.11,49223.73,Shipped,No,Ahmedabad
SO00156,PRD0004,CUST0195,WH004,2026-01-15,2026-01-18,,100,1617.34,0.16,135856.56,Processing,No,Nagpur
SO00157,PRD0046,CUST0199,WH007,2025-12-08,2025-12-12,,32,3056.69,0.09,89010.81,Cancelled,No,Hyderabad
SO00158,PRD0012,CUST0079,WH004,2025-05-22,2025-05-25,,47,4408.94,0.09,188570.36,Shipped,No,Delhi
SO00159,PRD0005,CUST0111,WH004,2026-02-19,2026-02-21,2026-02-28,51,1210.42,0.04,59262.16,Delivered,No,Pune
SO00160,PRD0022,CUST0020,WH004,2025-11-25,2025-12-01,2025-11-29,11,1820.46,0.12,17622.05,Delivered,Yes,Hyderabad
SO00161,PRD0067,CUST0131,WH008,2026-03-02,2026-03-08,2026-03-07,85,2944.43,0.02,245271.02,Delivered,Yes,Bangalore
SO00162,PRD0055,CUST0071,WH008,2025-12-25,2025-12-27,,42,1088.78,0.1,41155.88,Cancelled,No,Surat
SO00163,PRD0076,CUST0098,WH008,2025-07-31,2025-08-06,,57,2008.76,0.17,95034.44,Shipped,No,Hyderabad
SO00164,PRD0071,CUST0184,WH007,2026-03-11,2026-03-13,2026-03-18,8,687.21,0.14,4728.0,Delivered,No,Pune
SO00165,PRD0090,CUST0177,WH005,2025-03-18,2025-03-30,,92,3139.3,0.01,285927.44,Cancelled,No,Lucknow
SO00166,PRD0032,CUST0047,WH003,2026-03-01,2026-03-12,,60,762.23,0.06,42989.77,Cancelled,No,Kochi
SO00167,PRD0011,CUST0043,WH002,2025-08-20,2025-08-24,2025-08-29,47,1875.71,0.08,81105.7,Delivered,No,Lucknow
SO00168,PRD0079,CUST0161,WH002,2025-11-15,2025-11-16,,30,3243.13,0.0,97293.9,Shipped,No,Kolkata
SO00169,PRD0072,CUST0066,WH003,2025-06-18,2025-06-20,,90,1668.38,0.2,120123.36,Cancelled,No,Kanpur
SO00170,PRD0022,CUST0023,WH005,2026-02-09,2026-02-23,,28,1820.46,0.09,46385.32,Shipped,No,Bangalore
SO00171,PRD0057,CUST0009,WH003,2025-07-12,2025-07-16,,62,4906.51,0.16,255531.04,Processing,No,Lucknow
SO00172,PRD0029,CUST0021,WH008,2025-05-06,2025-05-17,2025-05-16,1,958.78,0.02,939.6,Delivered,Yes,Kolkata
SO00173,PRD0034,CUST0053,WH008,2025-03-12,2025-03-17,,22,4238.6,0.08,85789.26,Processing,No,Nagpur
SO00174,PRD0017,CUST0046,WH002,2025-03-15,2025-03-17,,79,898.52,0.17,58915.96,Processing,No,Jaipur
SO00175,PRD0023,CUST0101,WH005,2025-06-14,2025-06-28,2025-06-30,2,1623.61,0.2,2597.78,Delivered,No,Chennai
SO00176,PRD0085,CUST0015,WH007,2026-01-02,2026-01-09,2026-01-10,68,4254.94,0.08,266189.05,Delivered,No,Kolkata
SO00177,PRD0034,CUST0114,WH006,2025-12-01,2025-12-06,,76,4238.6,0.09,293141.58,Cancelled,No,Coimbatore
SO00178,PRD0065,CUST0097,WH001,2025-12-28,2026-01-04,2026-01-04,84,4696.01,0.06,370796.95,Delivered,Yes,Lucknow
SO00179,PRD0097,CUST0014,WH008,2025-03-22,2025-03-24,2025-03-25,44,1109.0,0.11,43428.44,Delivered,No,Mumbai
SO00180,PRD0061,CUST0033,WH007,2025-08-11,2025-08-12,2025-08-17,11,145.59,0.01,1585.48,Delivered,No,Kolkata
SO00181,PRD0090,CUST0184,WH006,2026-01-17,2026-01-26,,4,3139.3,0.2,10045.76,Cancelled,No,Pune
SO00182,PRD0096,CUST0171,WH007,2025-06-20,2025-06-21,2025-06-24,7,4666.13,0.02,32009.65,Delivered,No,Lucknow
SO00183,PRD0025,CUST0116,WH004,2025-04-22,2025-04-28,,32,2111.07,0.18,55394.48,Cancelled,No,Hyderabad
SO00184,PRD0013,CUST0115,WH003,2025-03-31,2025-04-12,2025-04-19,42,4659.9,0.12,172229.9,Delivered,No,Pune
SO00185,PRD0010,CUST0029,WH006,2025-08-22,2025-09-05,,53,2761.16,0.01,144878.07,Cancelled,No,Kanpur
SO00186,PRD0016,CUST0012,WH001,2025-12-15,2025-12-18,,52,3671.73,0.12,168018.36,Shipped,No,Chennai
SO00187,PRD0060,CUST0186,WH001,2026-01-28,2026-02-01,,36,4529.66,0.16,136976.92,Cancelled,No,Nagpur
SO00188,PRD0074,CUST0181,WH002,2025-07-12,2025-07-25,,63,4189.13,0.12,232245.37,Shipped,No,Delhi
SO00189,PRD0055,CUST0138,WH005,2025-03-31,2025-04-07,2025-04-10,33,1088.78,0.18,29462.39,Delivered,No,Kochi
SO00190,PRD0042,CUST0002,WH001,2025-05-20,2025-06-03,2025-06-07,20,3184.88,0.06,59875.74,Delivered,No,Nagpur
SO00191,PRD0082,CUST0171,WH002,2026-03-06,2026-03-12,2026-03-14,22,3161.39,0.04,66768.56,Delivered,No,Lucknow
SO00192,PRD0002,CUST0071,WH002,2026-02-03,2026-02-10,2026-02-08,50,4323.12,0.12,190217.28,Delivered,Yes,Surat
SO00193,PRD0040,CUST0015,WH004,2025-05-08,2025-05-13,,96,3489.93,0.14,288128.62,Cancelled,No,Kolkata
SO00194,PRD0057,CUST0141,WH004,2025-08-27,2025-09-03,2025-09-08,44,4906.51,0.17,179185.75,Delivered,No,Ahmedabad
SO00195,PRD0060,CUST0200,WH008,2025-06-13,2025-06-15,,67,4529.66,0.03,294382.6,Cancelled,No,Lucknow
SO00196,PRD0090,CUST0121,WH007,2025-05-12,2025-05-25,,14,3139.3,0.16,36918.17,Shipped,No,Delhi
SO00197,PRD0051,CUST0062,WH006,2025-05-09,2025-05-14,,72,2110.12,0.17,126100.77,Processing,No,Nagpur
SO00198,PRD0060,CUST0163,WH008,2025-05-12,2025-05-14,,8,4529.66,0.07,33700.67,Shipped,No,Kolkata
SO00199,PRD0075,CUST0003,WH004,2025-08-15,2025-08-24,2025-08-23,73,1534.55,0.1,100819.94,Delivered,Yes,Surat
SO00200,PRD0031,CUST0104,WH003,2026-03-11,2026-03-24,2026-03-27,63,3578.26,0.01,223176.08,Delivered,No,Mumbai
SO00201,PRD0004,CUST0015,WH001,2026-02-01,2026-02-04,,63,1617.34,0.15,86608.56,Shipped,No,Kolkata
SO00202,PRD0073,CUST0063,WH002,2025-10-09,2025-10-16,2025-10-14,34,4643.43,0.05,149982.79,Delivered,Yes,Kolkata
SO00203,PRD0096,CUST0076,WH003,2025-12-16,2025-12-21,2025-12-23,36,4666.13,0.15,142783.58,Delivered,No,Nagpur
SO00204,PRD0080,CUST0114,WH003,2025-05-15,2025-05-25,2025-05-25,96,202.98,0.08,17927.19,Delivered,Yes,Coimbatore
SO00205,PRD0053,CUST0009,WH002,2025-09-02,2025-09-15,,3,2816.55,0.11,7520.19,Cancelled,No,Lucknow
SO00206,PRD0019,CUST0072,WH004,2025-11-16,2025-11-17,,45,4716.38,0.17,176156.79,Cancelled,No,Chennai
SO00207,PRD0063,CUST0047,WH002,2026-03-08,2026-03-10,2026-03-09,30,4575.75,0.09,124917.98,Delivered,Yes,Kochi
SO00208,PRD0076,CUST0089,WH008,2025-11-21,2025-11-30,,54,2008.76,0.2,86778.43,Cancelled,No,Nagpur
SO00209,PRD0077,CUST0196,WH002,2026-03-09,2026-03-12,,66,645.7,0.05,40485.39,Shipped,No,Kochi
SO00210,PRD0085,CUST0072,WH003,2025-04-13,2025-04-23,,6,4254.94,0.06,23997.86,Shipped,No,Chennai
SO00211,PRD0072,CUST0182,WH008,2025-10-14,2025-10-19,2025-10-23,93,1668.38,0.11,138091.81,Delivered,No,Kanpur
SO00212,PRD0025,CUST0064,WH001,2025-05-07,2025-05-16,2025-05-18,20,2111.07,0.17,35043.76,Delivered,No,Jaipur
SO00213,PRD0052,CUST0191,WH005,2025-07-14,2025-07-15,,49,4858.41,0.13,207114.02,Shipped,No,Bangalore
SO00214,PRD0057,CUST0170,WH004,2025-11-07,2025-11-09,,84,4906.51,0.0,412146.84,Shipped,No,Surat
SO00215,PRD0025,CUST0104,WH003,2025-06-10,2025-06-17,,10,2111.07,0.18,17310.77,Processing,No,Mumbai
SO00216,PRD0021,CUST0186,WH005,2025-11-25,2025-11-29,,47,238.64,0.12,9870.15,Shipped,No,Nagpur
SO00217,PRD0029,CUST0076,WH007,2025-04-05,2025-04-08,,29,958.78,0.12,24468.07,Cancelled,No,Nagpur
SO00218,PRD0063,CUST0177,WH007,2025-07-09,2025-07-20,,51,4575.75,0.08,214694.19,Shipped,No,Lucknow
SO00219,PRD0090,CUST0160,WH004,2025-11-23,2025-11-25,,7,3139.3,0.06,20656.59,Cancelled,No,Jaipur
SO00220,PRD0057,CUST0133,WH004,2026-01-09,2026-01-11,,11,4906.51,0.06,50733.31,Shipped,No,Kolkata
SO00221,PRD0002,CUST0074,WH002,2025-05-05,2025-05-06,,56,4323.12,0.0,242094.72,Shipped,No,Ahmedabad
SO00222,PRD0086,CUST0085,WH008,2025-09-11,2025-09-23,,45,1805.94,0.15,69077.2,Shipped,No,Delhi
SO00223,PRD0038,CUST0073,WH007,2025-04-08,2025-04-10,,96,1808.04,0.11,154478.94,Cancelled,No,Jaipur
SO00224,PRD0078,CUST0188,WH001,2025-08-05,2025-08-06,2025-08-11,61,3339.44,0.11,181298.2,Delivered,No,Lucknow
SO00225,PRD0001,CUST0046,WH007,2025-09-23,2025-09-26,,37,3710.34,0.19,111198.89,Processing,No,Jaipur
SO00226,PRD0036,CUST0121,WH006,2025-04-18,2025-04-24,,56,2595.06,0.02,142416.89,Shipped,No,Delhi
SO00227,PRD0042,CUST0139,WH007,2025-11-20,2025-12-01,,62,3184.88,0.1,177716.3,Shipped,No,Delhi
SO00228,PRD0084,CUST0027,WH005,2025-08-14,2025-08-15,,55,1046.01,0.1,51777.5,Shipped,No,Lucknow
SO00229,PRD0052,CUST0170,WH001,2025-06-08,2025-06-20,2025-06-27,93,4858.41,0.03,438277.17,Delivered,No,Surat
SO00230,PRD0050,CUST0182,WH002,2025-03-21,2025-04-04,2025-04-10,98,1912.62,0.05,178064.92,Delivered,No,Kanpur
SO00231,PRD0051,CUST0019,WH003,2025-06-17,2025-06-27,2025-06-29,27,2110.12,0.0,56973.24,Delivered,No,Pune
SO00232,PRD0084,CUST0009,WH007,2026-01-14,2026-01-25,,20,1046.01,0.02,20501.8,Processing,No,Lucknow
SO00233,PRD0063,CUST0084,WH004,2025-09-10,2025-09-13,,23,4575.75,0.15,89455.91,Shipped,No,Ahmedabad
SO00234,PRD0019,CUST0094,WH003,2025-06-16,2025-06-26,,69,4716.38,0.04,312413.01,Shipped,No,Coimbatore
SO00235,PRD0050,CUST0190,WH007,2025-10-03,2025-10-10,,36,1912.62,0.16,57837.63,Shipped,No,Chennai
SO00236,PRD0049,CUST0064,WH001,2026-01-23,2026-01-24,,87,1070.46,0.12,81954.42,Processing,No,Jaipur
SO00237,PRD0038,CUST0068,WH004,2025-08-09,2025-08-12,,99,1808.04,0.01,177206.0,Cancelled,No,Kolkata
SO00238,PRD0098,CUST0164,WH008,2025-07-31,2025-08-10,,35,1182.85,0.16,34775.79,Processing,No,Jaipur
SO00239,PRD0060,CUST0013,WH005,2025-07-16,2025-07-28,,81,4529.66,0.18,300860.02,Shipped,No,Kanpur
SO00240,PRD0064,CUST0137,WH006,2025-07-22,2025-07-29,,95,1528.35,0.17,120510.4,Processing,No,Kochi
SO00241,PRD0050,CUST0003,WH005,2025-10-25,2025-11-08,,4,1912.62,0.02,7497.47,Processing,No,Surat
SO00242,PRD0097,CUST0021,WH007,2025-12-17,2025-12-28,2025-12-31,97,1109.0,0.08,98967.16,Delivered,No,Kolkata
SO00243,PRD0029,CUST0173,WH003,2025-04-07,2025-04-10,2025-04-16,28,958.78,0.08,24698.17,Delivered,No,Kochi
SO00244,PRD0085,CUST0125,WH008,2025-03-24,2025-04-05,2025-04-11,70,4254.94,0.01,294867.34,Delivered,No,Surat
SO00245,PRD0008,CUST0062,WH003,2025-07-14,2025-07-20,,85,3084.59,0.01,259568.25,Shipped,No,Nagpur
SO00246,PRD0018,CUST0187,WH007,2025-10-18,2025-10-20,,84,74.36,0.03,6058.85,Shipped,No,Ahmedabad
SO00247,PRD0046,CUST0189,WH005,2025-11-02,2025-11-03,,84,3056.69,0.08,236221.0,Cancelled,No,Mumbai
SO00248,PRD0017,CUST0072,WH001,2025-04-09,2025-04-13,,8,898.52,0.05,6828.75,Shipped,No,Chennai
SO00249,PRD0058,CUST0066,WH005,2025-09-25,2025-10-01,2025-10-08,46,706.89,0.18,26663.89,Delivered,No,Kanpur
SO00250,PRD0100,CUST0018,WH002,2025-12-13,2025-12-23,2025-12-26,16,3938.86,0.08,57980.02,Delivered,No,Chennai
SO00251,PRD0080,CUST0019,WH002,2025-06-26,2025-07-03,2025-07-07,91,202.98,0.08,16993.49,Delivered,No,Pune
SO00252,PRD0035,CUST0189,WH003,2026-02-01,2026-02-11,,45,2218.25,0.11,88840.91,Shipped,No,Mumbai
SO00253,PRD0011,CUST0033,WH001,2025-05-22,2025-05-29,,25,1875.71,0.08,43141.33,Cancelled,No,Kolkata
SO00254,PRD0079,CUST0123,WH001,2025-03-17,2025-03-18,2025-03-21,32,3243.13,0.2,83024.13,Delivered,No,Hyderabad
SO00255,PRD0093,CUST0009,WH002,2025-03-24,2025-03-31,,63,1895.09,0.04,114615.04,Processing,No,Lucknow
SO00256,PRD0022,CUST0044,WH007,2025-06-04,2025-06-07,2025-06-14,19,1820.46,0.04,33205.19,Delivered,No,Jaipur
SO00257,PRD0098,CUST0147,WH001,2025-04-03,2025-04-17,2025-04-20,6,1182.85,0.16,5961.56,Delivered,No,Lucknow
SO00258,PRD0064,CUST0078,WH006,2025-04-01,2025-04-02,,79,1528.35,0.05,114702.67,Shipped,No,Pune
SO00259,PRD0005,CUST0142,WH006,2025-09-05,2025-09-15,,72,1210.42,0.16,73206.2,Shipped,No,Kochi
SO00260,PRD0023,CUST0176,WH006,2025-12-03,2025-12-11,2025-12-17,64,1623.61,0.18,85207.05,Delivered,No,Coimbatore
SO00261,PRD0049,CUST0149,WH006,2026-02-03,2026-02-17,,26,1070.46,0.13,24213.81,Processing,No,Kochi
SO00262,PRD0043,CUST0045,WH007,2026-02-03,2026-02-08,2026-02-06,7,4966.02,0.13,30243.06,Delivered,Yes,Hyderabad
SO00263,PRD0096,CUST0192,WH004,2025-04-24,2025-05-01,,42,4666.13,0.11,174419.94,Shipped,No,Coimbatore
SO00264,PRD0068,CUST0141,WH001,2025-11-06,2025-11-15,2025-11-16,92,769.95,0.15,60210.09,Delivered,No,Ahmedabad
SO00265,PRD0053,CUST0111,WH008,2026-01-01,2026-01-14,,30,2816.55,0.19,68442.17,Processing,No,Pune
SO00266,PRD0022,CUST0100,WH008,2025-10-03,2025-10-16,2025-10-18,56,1820.46,0.01,100926.3,Delivered,No,Lucknow
SO00267,PRD0049,CUST0123,WH003,2025-03-12,2025-03-24,2025-03-28,1,1070.46,0.14,920.6,Delivered,No,Hyderabad
SO00268,PRD0026,CUST0182,WH008,2025-11-27,2025-12-07,,81,2796.29,0.1,203849.54,Cancelled,No,Kanpur
SO00269,PRD0087,CUST0017,WH001,2025-06-11,2025-06-12,,36,2218.99,0.11,71096.44,Shipped,No,Bangalore
SO00270,PRD0076,CUST0098,WH006,2025-10-14,2025-10-28,,32,2008.76,0.09,58495.09,Cancelled,No,Hyderabad
SO00271,PRD0097,CUST0125,WH001,2025-07-18,2025-07-28,2025-07-30,37,1109.0,0.09,37340.03,Delivered,No,Surat
SO00272,PRD0016,CUST0086,WH001,2025-05-27,2025-06-06,2025-06-09,96,3671.73,0.11,313712.61,Delivered,No,Kolkata
SO00273,PRD0070,CUST0147,WH008,2025-04-08,2025-04-12,2025-04-14,61,2632.52,0.0,160583.72,Delivered,No,Lucknow
SO00274,PRD0084,CUST0066,WH008,2025-08-01,2025-08-09,,68,1046.01,0.12,62593.24,Cancelled,No,Kanpur
SO00275,PRD0030,CUST0010,WH003,2025-05-27,2025-05-30,,55,4593.93,0.05,240032.84,Shipped,No,Lucknow
SO00276,PRD0002,CUST0184,WH004,2025-10-02,2025-10-04,2025-10-02,88,4323.12,0.19,308151.99,Delivered,Yes,Pune
SO00277,PRD0002,CUST0043,WH006,2025-07-07,2025-07-08,2025-07-06,16,4323.12,0.18,56719.33,Delivered,Yes,Lucknow
SO00278,PRD0076,CUST0131,WH008,2026-03-11,2026-03-20,2026-03-25,43,2008.76,0.06,81194.08,Delivered,No,Bangalore
SO00279,PRD0094,CUST0072,WH006,2025-11-28,2025-12-02,,66,2097.14,0.15,117649.55,Processing,No,Chennai
SO00280,PRD0075,CUST0007,WH002,2025-12-06,2025-12-15,2025-12-15,63,1534.55,0.06,90876.05,Delivered,Yes,Ahmedabad
SO00281,PRD0096,CUST0036,WH007,2025-08-03,2025-08-10,2025-08-16,22,4666.13,0.1,92389.37,Delivered,No,Nagpur
SO00282,PRD0040,CUST0001,WH003,2026-01-29,2026-02-11,2026-02-16,21,3489.93,0.07,68158.33,Delivered,No,Jaipur
SO00283,PRD0026,CUST0143,WH004,2025-12-16,2025-12-20,2025-12-18,48,2796.29,0.14,115430.85,Delivered,Yes,Kolkata
SO00284,PRD0045,CUST0101,WH003,2025-06-27,2025-07-06,2025-07-05,41,3626.68,0.17,123415.92,Delivered,Yes,Chennai
SO00285,PRD0084,CUST0038,WH008,2025-10-07,2025-10-08,2025-10-09,43,1046.01,0.03,43629.08,Delivered,No,Jaipur
SO00286,PRD0072,CUST0093,WH008,2025-06-26,2025-07-04,2025-07-03,57,1668.38,0.11,84636.92,Delivered,Yes,Kanpur
SO00287,PRD0055,CUST0112,WH003,2026-01-15,2026-01-23,,98,1088.78,0.2,85360.35,Cancelled,No,Pune
SO00288,PRD0060,CUST0059,WH002,2025-11-24,2025-11-30,2025-12-03,16,4529.66,0.04,69575.58,Delivered,No,Chennai
SO00289,PRD0008,CUST0065,WH005,2026-03-02,2026-03-16,,96,3084.59,0.14,254663.75,Processing,No,Ahmedabad
SO00290,PRD0046,CUST0174,WH008,2025-09-02,2025-09-11,,35,3056.69,0.02,104844.47,Cancelled,No,Mumbai
SO00291,PRD0079,CUST0160,WH002,2025-09-16,2025-09-17,2025-09-16,38,3243.13,0.02,120774.16,Delivered,Yes,Jaipur
SO00292,PRD0079,CUST0199,WH004,2025-06-26,2025-06-27,,1,3243.13,0.1,2918.82,Cancelled,No,Hyderabad
SO00293,PRD0034,CUST0118,WH002,2025-07-11,2025-07-22,2025-07-24,95,4238.6,0.2,322133.6,Delivered,No,Kanpur
SO00294,PRD0018,CUST0104,WH007,2025-09-20,2025-09-22,2025-09-26,75,74.36,0.12,4907.76,Delivered,No,Mumbai
SO00295,PRD0038,CUST0047,WH008,2025-12-27,2026-01-10,2026-01-11,99,1808.04,0.03,173626.08,Delivered,No,Kochi
SO00296,PRD0064,CUST0150,WH005,2025-04-07,2025-04-14,,80,1528.35,0.03,118599.96,Cancelled,No,Kolkata
SO00297,PRD0044,CUST0013,WH001,2025-09-28,2025-10-11,,72,3134.07,0.11,200831.21,Shipped,No,Kanpur
SO00298,PRD0053,CUST0052,WH007,2025-09-03,2025-09-13,2025-09-18,29,2816.55,0.1,73511.96,Delivered,No,Lucknow
SO00299,PRD0031,CUST0109,WH007,2025-08-22,2025-09-05,,26,3578.26,0.01,92104.41,Processing,No,Surat
SO00300,PRD0095,CUST0177,WH004,2025-08-15,2025-08-18,,48,453.32,0.04,20888.99,Cancelled,No,Lucknow
SO00301,PRD0093,CUST0133,WH005,2025-07-22,2025-07-26,,7,1895.09,0.08,12204.38,Processing,No,Kolkata
SO00302,PRD0093,CUST0185,WH003,2025-06-12,2025-06-13,2025-06-17,26,1895.09,0.08,45330.55,Delivered,No,Hyderabad
SO00303,PRD0063,CUST0121,WH003,2026-02-05,2026-02-06,,11,4575.75,0.03,48823.25,Shipped,No,Delhi
SO00304,PRD0068,CUST0110,WH004,2025-07-11,2025-07-25,2025-07-26,62,769.95,0.04,45827.42,Delivered,No,Jaipur
SO00305,PRD0083,CUST0018,WH003,2025-03-25,2025-04-08,2025-04-15,12,3433.07,0.03,39960.93,Delivered,No,Chennai
SO00306,PRD0034,CUST0121,WH001,2025-12-01,2025-12-07,,9,4238.6,0.11,33951.19,Processing,No,Delhi
SO00307,PRD0036,CUST0030,WH008,2025-11-17,2025-11-24,,75,2595.06,0.06,182951.73,Shipped,No,Surat
SO00308,PRD0049,CUST0083,WH004,2025-05-05,2025-05-09,,39,1070.46,0.04,40078.02,Shipped,No,Jaipur
SO00309,PRD0025,CUST0028,WH003,2025-11-29,2025-12-06,2025-12-07,11,2111.07,0.13,20202.94,Delivered,No,Surat
SO00310,PRD0096,CUST0154,WH008,2026-03-01,2026-03-13,2026-03-20,36,4666.13,0.07,156222.03,Delivered,No,Mumbai
SO00311,PRD0015,CUST0066,WH007,2025-08-10,2025-08-17,,98,681.38,0.02,65439.74,Processing,No,Kanpur
SO00312,PRD0052,CUST0122,WH003,2025-09-12,2025-09-13,,75,4858.41,0.06,342517.9,Processing,No,Chennai
SO00313,PRD0046,CUST0126,WH005,2026-02-02,2026-02-04,2026-02-08,90,3056.69,0.05,261346.99,Delivered,No,Nagpur
SO00314,PRD0095,CUST0143,WH005,2025-12-12,2025-12-23,2025-12-29,58,453.32,0.12,23137.45,Delivered,No,Kolkata
SO00315,PRD0042,CUST0061,WH003,2025-10-29,2025-11-08,,53,3184.88,0.16,141790.86,Shipped,No,Chennai
SO00316,PRD0081,CUST0128,WH003,2025-12-31,2026-01-04,,98,2414.08,0.01,234214.04,Cancelled,No,Bangalore
SO00317,PRD0031,CUST0159,WH004,2025-09-15,2025-09-19,2025-09-21,20,3578.26,0.16,60114.77,Delivered,No,Hyderabad
SO00318,PRD0034,CUST0090,WH006,2025-10-12,2025-10-16,2025-10-17,89,4238.6,0.1,339511.86,Delivered,No,Kolkata
SO00319,PRD0030,CUST0036,WH004,2025-10-04,2025-10-15,2025-10-14,85,4593.93,0.11,347530.8,Delivered,Yes,Nagpur
SO00320,PRD0065,CUST0166,WH001,2025-03-27,2025-03-28,2025-03-31,4,4696.01,0.12,16529.96,Delivered,No,Kanpur
SO00321,PRD0046,CUST0129,WH006,2025-12-13,2025-12-25,,20,3056.69,0.1,55020.42,Cancelled,No,Jaipur
SO00322,PRD0095,CUST0161,WH006,2025-07-05,2025-07-10,2025-07-08,100,453.32,0.06,42612.08,Delivered,Yes,Kolkata
SO00323,PRD0072,CUST0198,WH003,2025-11-27,2025-12-10,,56,1668.38,0.19,75677.72,Processing,No,Hyderabad
SO00324,PRD0005,CUST0184,WH003,2025-07-05,2025-07-12,,39,1210.42,0.09,42957.81,Processing,No,Pune
SO00325,PRD0053,CUST0101,WH003,2025-05-05,2025-05-18,,84,2816.55,0.03,229492.49,Shipped,No,Chennai
SO00326,PRD0046,CUST0005,WH002,2025-05-12,2025-05-13,,21,3056.69,0.09,58413.35,Cancelled,No,Mumbai
SO00327,PRD0076,CUST0041,WH006,2025-06-16,2025-06-24,,65,2008.76,0.12,114901.07,Cancelled,No,Coimbatore
SO00328,PRD0001,CUST0087,WH002,2025-03-29,2025-04-05,2025-04-09,65,3710.34,0.01,238760.38,Delivered,No,Jaipur
SO00329,PRD0016,CUST0145,WH004,2025-03-29,2025-04-02,,25,3671.73,0.11,81695.99,Shipped,No,Kolkata
SO00330,PRD0055,CUST0175,WH004,2025-08-14,2025-08-28,,100,1088.78,0.11,96901.42,Processing,No,Kanpur
SO00331,PRD0092,CUST0103,WH001,2026-01-17,2026-01-20,2026-01-21,6,2345.24,0.11,12523.58,Delivered,No,Pune
SO00332,PRD0017,CUST0006,WH005,2025-07-26,2025-07-27,2025-08-03,75,898.52,0.11,59976.21,Delivered,No,Hyderabad
SO00333,PRD0039,CUST0157,WH001,2026-01-24,2026-01-29,,64,3144.28,0.01,199221.58,Shipped,No,Kanpur
SO00334,PRD0071,CUST0196,WH005,2025-06-22,2025-07-03,,47,687.21,0.02,31652.89,Shipped,No,Kochi
SO00335,PRD0092,CUST0103,WH003,2025-04-07,2025-04-19,,18,2345.24,0.02,41370.03,Shipped,No,Pune
SO00336,PRD0027,CUST0164,WH007,2025-04-18,2025-04-28,,85,860.35,0.13,63622.88,Processing,No,Jaipur
SO00337,PRD0046,CUST0016,WH002,2025-12-18,2025-12-31,,53,3056.69,0.17,134463.79,Cancelled,No,Coimbatore
SO00338,PRD0020,CUST0025,WH002,2026-02-16,2026-02-23,,68,4041.09,0.19,222583.24,Shipped,No,Bangalore
SO00339,PRD0053,CUST0051,WH005,2025-06-26,2025-07-07,2025-07-13,84,2816.55,0.13,205833.47,Delivered,No,Surat
SO00340,PRD0075,CUST0023,WH008,2025-06-24,2025-07-01,,74,1534.55,0.08,104472.16,Processing,No,Bangalore
SO00341,PRD0048,CUST0117,WH006,2025-09-30,2025-10-01,,100,2799.75,0.18,229579.5,Shipped,No,Lucknow
SO00342,PRD0070,CUST0119,WH008,2026-03-09,2026-03-16,,88,2632.52,0.18,189962.64,Processing,No,Nagpur
SO00343,PRD0045,CUST0049,WH005,2025-12-24,2025-12-26,2025-12-31,76,3626.68,0.01,272871.4,Delivered,No,Delhi
SO00344,PRD0039,CUST0054,WH005,2025-12-13,2025-12-25,2025-12-28,22,3144.28,0.11,61565.0,Delivered,No,Kanpur
SO00345,PRD0047,CUST0079,WH008,2026-02-07,2026-02-12,,42,1297.86,0.1,49059.11,Shipped,No,Delhi
SO00346,PRD0003,CUST0099,WH002,2025-09-03,2025-09-04,,70,4021.49,0.16,236463.61,Shipped,No,Kanpur
SO00347,PRD0001,CUST0027,WH002,2026-01-13,2026-01-24,,77,3710.34,0.03,277125.29,Shipped,No,Lucknow
SO00348,PRD0086,CUST0046,WH002,2025-07-09,2025-07-20,2025-07-19,86,1805.94,0.12,136673.54,Delivered,Yes,Jaipur
SO00349,PRD0052,CUST0162,WH005,2025-04-15,2025-04-28,,78,4858.41,0.09,344849.94,Shipped,No,Bangalore
SO00350,PRD0004,CUST0105,WH004,2025-11-23,2025-11-27,2025-11-25,72,1617.34,0.01,115284.0,Delivered,Yes,Kanpur
SO00351,PRD0040,CUST0113,WH001,2026-03-01,2026-03-05,2026-03-11,93,3489.93,0.0,324563.49,Delivered,No,Ahmedabad
SO00352,PRD0001,CUST0082,WH004,2025-05-29,2025-06-07,2025-06-09,33,3710.34,0.18,100401.8,Delivered,No,Delhi
SO00353,PRD0073,CUST0077,WH002,2026-01-05,2026-01-13,,74,4643.43,0.01,340177.68,Processing,No,Kochi
SO00354,PRD0097,CUST0063,WH002,2025-10-18,2025-11-01,2025-11-07,32,1109.0,0.04,34068.48,Delivered,No,Kolkata
SO00355,PRD0084,CUST0085,WH005,2025-06-25,2025-07-02,2025-07-08,49,1046.01,0.18,42028.68,Delivered,No,Delhi
SO00356,PRD0021,CUST0068,WH008,2025-07-05,2025-07-13,,82,238.64,0.03,18981.43,Cancelled,No,Kolkata
SO00357,PRD0053,CUST0095,WH004,2025-03-21,2025-03-22,2025-03-21,28,2816.55,0.01,78074.77,Delivered,Yes,Ahmedabad
SO00358,PRD0022,CUST0114,WH002,2025-12-17,2025-12-26,,4,1820.46,0.08,6699.29,Cancelled,No,Coimbatore
SO00359,PRD0098,CUST0043,WH007,2025-08-14,2025-08-21,,94,1182.85,0.08,102292.87,Cancelled,No,Lucknow
SO00360,PRD0090,CUST0191,WH003,2025-11-06,2025-11-07,2025-11-14,74,3139.3,0.1,209077.38,Delivered,No,Bangalore
SO00361,PRD0046,CUST0109,WH002,2026-02-22,2026-03-05,2026-03-06,82,3056.69,0.0,250648.58,Delivered,No,Surat
SO00362,PRD0033,CUST0186,WH004,2025-04-12,2025-04-20,,72,2415.44,0.0,173911.68,Cancelled,No,Nagpur
SO00363,PRD0049,CUST0109,WH005,2025-06-12,2025-06-24,2025-06-29,68,1070.46,0.03,70607.54,Delivered,No,Surat
SO00364,PRD0054,CUST0147,WH001,2026-01-02,2026-01-13,2026-01-14,57,3658.33,0.02,204354.31,Delivered,No,Lucknow
SO00365,PRD0055,CUST0125,WH001,2025-06-26,2025-07-03,,68,1088.78,0.11,65892.97,Cancelled,No,Surat
SO00366,PRD0038,CUST0016,WH001,2025-05-06,2025-05-07,2025-05-06,43,1808.04,0.16,65306.4,Delivered,Yes,Coimbatore
SO00367,PRD0015,CUST0056,WH002,2025-05-01,2025-05-07,,70,681.38,0.19,38634.25,Shipped,No,Surat
SO00368,PRD0044,CUST0098,WH008,2025-06-10,2025-06-12,2025-06-17,26,3134.07,0.14,70077.81,Delivered,No,Hyderabad
SO00369,PRD0021,CUST0138,WH003,2026-03-11,2026-03-16,2026-03-15,62,238.64,0.13,12872.24,Delivered,Yes,Kochi
SO00370,PRD0025,CUST0052,WH008,2025-10-20,2025-10-27,2025-10-29,62,2111.07,0.12,115179.98,Delivered,No,Lucknow
SO00371,PRD0100,CUST0169,WH005,2025-06-29,2025-07-04,,33,3938.86,0.05,123483.26,Cancelled,No,Mumbai
SO00372,PRD0046,CUST0184,WH003,2026-01-06,2026-01-20,2026-01-25,70,3056.69,0.03,207549.25,Delivered,No,Pune
SO00373,PRD0020,CUST0001,WH008,2025-07-21,2025-07-25,,5,4041.09,0.07,18791.07,Cancelled,No,Jaipur
SO00374,PRD0008,CUST0181,WH008,2025-08-15,2025-08-29,,62,3084.59,0.08,175945.01,Processing,No,Delhi
SO00375,PRD0077,CUST0061,WH006,2025-05-04,2025-05-07,2025-05-13,40,645.7,0.16,21695.52,Delivered,No,Chennai
SO00376,PRD0062,CUST0130,WH006,2025-08-23,2025-08-31,,36,1284.22,0.14,39759.45,Processing,No,Chennai
SO00377,PRD0035,CUST0020,WH002,2026-03-07,2026-03-14,2026-03-12,98,2218.25,0.02,213040.73,Delivered,Yes,Hyderabad
SO00378,PRD0061,CUST0173,WH003,2025-10-24,2025-11-01,,38,145.59,0.08,5089.83,Shipped,No,Kochi
SO00379,PRD0094,CUST0153,WH005,2025-04-15,2025-04-22,2025-04-21,77,2097.14,0.12,142102.21,Delivered,Yes,Delhi
SO00380,PRD0064,CUST0061,WH005,2025-09-05,2025-09-13,,85,1528.35,0.06,122115.16,Processing,No,Chennai
SO00381,PRD0039,CUST0172,WH004,2025-06-26,2025-07-03,2025-07-03,41,3144.28,0.18,105710.69,Delivered,Yes,Bangalore
SO00382,PRD0031,CUST0130,WH003,2025-08-09,2025-08-20,2025-08-20,34,3578.26,0.07,113144.58,Delivered,Yes,Chennai
SO00383,PRD0014,CUST0108,WH003,2025-10-21,2025-11-03,,52,480.49,0.09,22736.79,Shipped,No,Mumbai
SO00384,PRD0033,CUST0072,WH006,2026-02-06,2026-02-16,2026-02-23,78,2415.44,0.01,186520.28,Delivered,No,Chennai
SO00385,PRD0081,CUST0167,WH005,2025-04-30,2025-05-08,2025-05-08,92,2414.08,0.08,204327.73,Delivered,Yes,Coimbatore
SO00386,PRD0015,CUST0155,WH005,2025-08-15,2025-08-25,2025-08-23,56,681.38,0.13,33196.83,Delivered,Yes,Lucknow
SO00387,PRD0100,CUST0179,WH003,2025-09-21,2025-09-23,2025-09-25,14,3938.86,0.05,52386.84,Delivered,No,Lucknow
SO00388,PRD0079,CUST0114,WH006,2025-05-12,2025-05-15,,92,3243.13,0.18,244661.73,Shipped,No,Coimbatore
SO00389,PRD0095,CUST0041,WH001,2025-07-19,2025-07-23,,53,453.32,0.13,20902.59,Processing,No,Coimbatore
SO00390,PRD0015,CUST0003,WH005,2025-05-18,2025-05-27,2025-05-28,79,681.38,0.03,52214.15,Delivered,No,Surat
SO00391,PRD0066,CUST0077,WH005,2025-06-27,2025-07-01,,86,1485.58,0.15,108595.9,Processing,No,Kochi
SO00392,PRD0056,CUST0104,WH003,2025-11-21,2025-11-30,,18,1966.0,0.03,34326.36,Shipped,No,Mumbai
SO00393,PRD0065,CUST0016,WH005,2025-12-10,2025-12-21,2025-12-25,84,4696.01,0.1,355018.36,Delivered,No,Coimbatore
SO00394,PRD0089,CUST0127,WH002,2025-03-25,2025-04-01,2025-04-08,53,4237.75,0.18,184172.62,Delivered,No,Kochi
SO00395,PRD0019,CUST0045,WH002,2025-07-14,2025-07-16,2025-07-17,47,4716.38,0.08,203936.27,Delivered,No,Hyderabad
SO00396,PRD0080,CUST0047,WH007,2026-01-20,2026-01-28,2026-02-03,7,202.98,0.11,1264.57,Delivered,No,Kochi
SO00397,PRD0088,CUST0126,WH003,2025-07-27,2025-08-01,2025-08-06,84,3141.65,0.19,213757.87,Delivered,No,Nagpur
SO00398,PRD0036,CUST0138,WH006,2025-07-19,2025-07-31,2025-08-07,21,2595.06,0.08,50136.56,Delivered,No,Kochi
SO00399,PRD0092,CUST0143,WH006,2025-11-19,2025-11-27,2025-11-30,1,2345.24,0.13,2040.36,Delivered,No,Kolkata
SO00400,PRD0050,CUST0006,WH003,2025-04-02,2025-04-03,2025-04-02,20,1912.62,0.16,32132.02,Delivered,Yes,Hyderabad
SO00401,PRD0066,CUST0037,WH004,2025-07-06,2025-07-13,2025-07-17,82,1485.58,0.17,101108.57,Delivered,No,Bangalore
SO00402,PRD0095,CUST0164,WH003,2025-07-09,2025-07-19,,10,453.32,0.06,4261.21,Shipped,No,Jaipur
SO00403,PRD0064,CUST0156,WH002,2025-12-12,2025-12-25,2026-01-01,11,1528.35,0.0,16811.85,Delivered,No,Hyderabad
SO00404,PRD0012,CUST0197,WH005,2025-07-06,2025-07-16,2025-07-20,51,4408.94,0.07,209116.02,Delivered,No,Pune
SO00405,PRD0041,CUST0043,WH003,2025-04-13,2025-04-24,,42,4208.92,0.06,166168.16,Processing,No,Lucknow
SO00406,PRD0062,CUST0057,WH002,2026-01-22,2026-01-27,,32,1284.22,0.01,40684.09,Cancelled,No,Coimbatore
SO00407,PRD0052,CUST0132,WH002,2025-03-29,2025-03-31,,67,4858.41,0.17,270176.18,Shipped,No,Jaipur
SO00408,PRD0026,CUST0141,WH007,2025-10-03,2025-10-17,,17,2796.29,0.13,41357.13,Shipped,No,Ahmedabad
SO00409,PRD0024,CUST0012,WH005,2025-05-04,2025-05-18,,94,1118.49,0.06,98829.78,Shipped,No,Chennai
SO00410,PRD0071,CUST0004,WH003,2025-12-12,2025-12-25,,89,687.21,0.03,59326.84,Cancelled,No,Delhi
SO00411,PRD0007,CUST0146,WH005,2025-09-20,2025-10-04,2025-10-07,24,3299.83,0.16,66524.57,Delivered,No,Nagpur
SO00412,PRD0051,CUST0179,WH005,2025-05-28,2025-05-31,2025-06-06,74,2110.12,0.1,140533.99,Delivered,No,Lucknow
SO00413,PRD0071,CUST0117,WH008,2026-01-17,2026-01-25,,26,687.21,0.01,17688.79,Cancelled,No,Lucknow
SO00414,PRD0091,CUST0143,WH008,2025-10-31,2025-11-13,2025-11-13,14,4316.09,0.08,55591.24,Delivered,Yes,Kolkata
SO00415,PRD0079,CUST0167,WH004,2026-01-06,2026-01-13,2026-01-17,73,3243.13,0.18,194133.76,Delivered,No,Coimbatore
SO00416,PRD0052,CUST0102,WH008,2025-04-29,2025-04-30,,58,4858.41,0.01,278969.9,Cancelled,No,Mumbai
SO00417,PRD0036,CUST0192,WH007,2025-04-07,2025-04-16,,86,2595.06,0.08,205321.15,Cancelled,No,Coimbatore
SO00418,PRD0022,CUST0194,WH008,2025-03-27,2025-03-29,2025-04-03,12,1820.46,0.04,20971.7,Delivered,No,Kochi
SO00419,PRD0039,CUST0192,WH002,2025-12-14,2025-12-19,2025-12-19,46,3144.28,0.01,143190.51,Delivered,Yes,Coimbatore
SO00420,PRD0008,CUST0196,WH005,2025-10-10,2025-10-11,,35,3084.59,0.04,103642.22,Shipped,No,Kochi
SO00421,PRD0069,CUST0059,WH006,2025-06-14,2025-06-22,,33,1433.34,0.05,44935.21,Shipped,No,Chennai
SO00422,PRD0020,CUST0068,WH005,2026-02-16,2026-03-02,,83,4041.09,0.06,315285.84,Processing,No,Kolkata
SO00423,PRD0083,CUST0097,WH007,2025-09-26,2025-10-07,,44,3433.07,0.03,146523.43,Shipped,No,Lucknow
SO00424,PRD0100,CUST0141,WH003,2025-07-17,2025-07-24,,88,3938.86,0.18,284228.14,Cancelled,No,Ahmedabad
SO00425,PRD0053,CUST0195,WH003,2025-06-06,2025-06-07,2025-06-08,37,2816.55,0.1,93791.12,Delivered,No,Nagpur
SO00426,PRD0001,CUST0046,WH008,2025-04-17,2025-04-25,,34,3710.34,0.02,123628.53,Cancelled,No,Jaipur
SO00427,PRD0087,CUST0006,WH001,2025-10-29,2025-11-05,2025-11-05,66,2218.99,0.07,136201.61,Delivered,Yes,Hyderabad
SO00428,PRD0050,CUST0137,WH008,2025-04-14,2025-04-24,2025-04-25,92,1912.62,0.17,146047.66,Delivered,No,Kochi
SO00429,PRD0081,CUST0040,WH003,2025-05-16,2025-05-25,,93,2414.08,0.1,202058.5,Processing,No,Lucknow
SO00430,PRD0072,CUST0162,WH007,2025-05-31,2025-06-06,,82,1668.38,0.18,112181.87,Processing,No,Bangalore
SO00431,PRD0086,CUST0023,WH008,2025-08-13,2025-08-21,2025-08-28,95,1805.94,0.04,164701.73,Delivered,No,Bangalore
SO00432,PRD0064,CUST0183,WH007,2026-01-20,2026-01-25,,9,1528.35,0.13,11966.98,Cancelled,No,Coimbatore
SO00433,PRD0097,CUST0046,WH006,2025-05-09,2025-05-15,2025-05-21,95,1109.0,0.16,88498.2,Delivered,No,Jaipur
SO00434,PRD0029,CUST0191,WH006,2025-07-12,2025-07-15,2025-07-13,13,958.78,0.08,11467.01,Delivered,Yes,Bangalore
SO00435,PRD0001,CUST0082,WH003,2025-10-01,2025-10-06,,30,3710.34,0.0,111310.2,Cancelled,No,Delhi
SO00436,PRD0005,CUST0171,WH005,2025-07-09,2025-07-20,2025-07-20,78,1210.42,0.19,76474.34,Delivered,Yes,Lucknow
SO00437,PRD0010,CUST0072,WH004,2025-09-06,2025-09-14,,36,2761.16,0.06,93437.65,Cancelled,No,Chennai
SO00438,PRD0100,CUST0090,WH008,2025-12-08,2025-12-21,2025-12-22,30,3938.86,0.16,99259.27,Delivered,No,Kolkata
SO00439,PRD0054,CUST0174,WH001,2025-10-02,2025-10-05,,90,3658.33,0.06,309494.72,Processing,No,Mumbai
SO00440,PRD0049,CUST0042,WH006,2025-07-04,2025-07-15,,68,1070.46,0.09,66240.06,Shipped,No,Lucknow
SO00441,PRD0030,CUST0041,WH006,2025-05-07,2025-05-15,,83,4593.93,0.15,324101.76,Cancelled,No,Coimbatore
SO00442,PRD0056,CUST0137,WH007,2025-06-24,2025-07-06,2025-07-08,61,1966.0,0.19,97140.06,Delivered,No,Kochi
SO00443,PRD0063,CUST0041,WH004,2026-02-03,2026-02-06,2026-02-10,93,4575.75,0.05,404267.51,Delivered,No,Coimbatore
SO00444,PRD0081,CUST0171,WH006,2025-08-19,2025-08-29,,20,2414.08,0.16,40556.54,Shipped,No,Lucknow
SO00445,PRD0090,CUST0165,WH003,2026-02-11,2026-02-24,,66,3139.3,0.04,198906.05,Cancelled,No,Bangalore
SO00446,PRD0041,CUST0084,WH005,2025-11-23,2025-12-06,2025-12-05,73,4208.92,0.16,258090.97,Delivered,Yes,Ahmedabad
SO00447,PRD0057,CUST0121,WH006,2025-12-09,2025-12-16,,81,4906.51,0.18,325890.39,Shipped,No,Delhi
SO00448,PRD0001,CUST0114,WH006,2025-07-05,2025-07-16,2025-07-14,5,3710.34,0.12,16325.5,Delivered,Yes,Coimbatore
SO00449,PRD0009,CUST0123,WH008,2025-08-28,2025-09-05,,38,2934.73,0.06,104828.56,Processing,No,Hyderabad
SO00450,PRD0040,CUST0189,WH001,2025-04-11,2025-04-14,,66,3489.93,0.03,223425.32,Processing,No,Mumbai
SO00451,PRD0039,CUST0199,WH003,2026-02-26,2026-03-08,2026-03-07,49,3144.28,0.13,134040.66,Delivered,Yes,Hyderabad
SO00452,PRD0017,CUST0102,WH001,2025-11-14,2025-11-17,2025-11-17,65,898.52,0.03,56651.69,Delivered,Yes,Mumbai
SO00453,PRD0097,CUST0158,WH002,2026-02-28,2026-03-06,,45,1109.0,0.19,40423.05,Processing,No,Bangalore
SO00454,PRD0001,CUST0004,WH005,2025-11-11,2025-11-19,2025-11-19,37,3710.34,0.1,123554.32,Delivered,Yes,Delhi
SO00455,PRD0060,CUST0180,WH004,2025-07-29,2025-07-31,2025-08-03,83,4529.66,0.07,349644.46,Delivered,No,Bangalore
SO00456,PRD0086,CUST0069,WH003,2025-04-13,2025-04-23,,73,1805.94,0.02,129196.95,Processing,No,Kanpur
SO00457,PRD0018,CUST0035,WH001,2025-11-13,2025-11-26,,96,74.36,0.05,6781.63,Processing,No,Bangalore
SO00458,PRD0069,CUST0150,WH007,2026-03-04,2026-03-09,,45,1433.34,0.18,52890.25,Cancelled,No,Kolkata
SO00459,PRD0052,CUST0015,WH005,2025-08-04,2025-08-10,2025-08-10,99,4858.41,0.04,461743.29,Delivered,Yes,Kolkata
SO00460,PRD0099,CUST0103,WH004,2025-07-14,2025-07-18,2025-07-20,8,3950.54,0.14,27179.72,Delivered,No,Pune
SO00461,PRD0056,CUST0104,WH004,2025-08-05,2025-08-13,,4,1966.0,0.1,7077.6,Cancelled,No,Mumbai
SO00462,PRD0071,CUST0139,WH007,2025-09-03,2025-09-04,,84,687.21,0.04,55416.61,Shipped,No,Delhi
SO00463,PRD0093,CUST0016,WH003,2025-07-21,2025-08-02,2025-08-09,43,1895.09,0.12,71710.21,Delivered,No,Coimbatore
SO00464,PRD0029,CUST0030,WH007,2025-04-24,2025-04-29,2025-05-02,58,958.78,0.11,49492.22,Delivered,No,Surat
SO00465,PRD0007,CUST0192,WH008,2026-03-10,2026-03-23,,35,3299.83,0.17,95860.06,Cancelled,No,Coimbatore
SO00466,PRD0097,CUST0095,WH008,2025-07-11,2025-07-21,2025-07-26,27,1109.0,0.2,23954.4,Delivered,No,Ahmedabad
SO00467,PRD0001,CUST0175,WH004,2025-04-14,2025-04-26,2025-04-26,67,3710.34,0.03,241135.0,Delivered,Yes,Kanpur
SO00468,PRD0073,CUST0058,WH005,2025-11-13,2025-11-24,2025-11-23,24,4643.43,0.08,102526.93,Delivered,Yes,Kanpur
SO00469,PRD0079,CUST0125,WH004,2025-09-19,2025-09-30,2025-09-29,85,3243.13,0.1,248099.44,Delivered,Yes,Surat
SO00470,PRD0040,CUST0184,WH006,2025-04-29,2025-05-05,2025-05-07,99,3489.93,0.1,310952.76,Delivered,No,Pune
SO00471,PRD0079,CUST0152,WH001,2025-11-25,2025-12-04,,75,3243.13,0.04,233505.36,Processing,No,Nagpur
SO00472,PRD0085,CUST0199,WH006,2025-12-18,2025-12-26,,59,4254.94,0.01,248531.05,Cancelled,No,Hyderabad
SO00473,PRD0011,CUST0134,WH005,2025-07-07,2025-07-08,2025-07-06,57,1875.71,0.01,105846.32,Delivered,Yes,Kanpur
SO00474,PRD0085,CUST0063,WH005,2026-01-23,2026-01-29,,93,4254.94,0.0,395709.42,Cancelled,No,Kolkata
SO00475,PRD0083,CUST0070,WH006,2025-11-21,2025-11-28,2025-12-02,86,3433.07,0.04,283434.26,Delivered,No,Kochi
SO00476,PRD0008,CUST0057,WH001,2025-11-09,2025-11-17,,23,3084.59,0.19,57465.91,Shipped,No,Coimbatore
SO00477,PRD0033,CUST0192,WH005,2025-09-18,2025-09-30,,98,2415.44,0.18,194104.76,Cancelled,No,Coimbatore
SO00478,PRD0090,CUST0148,WH007,2025-04-11,2025-04-15,2025-04-19,43,3139.3,0.09,122840.81,Delivered,No,Surat
SO00479,PRD0015,CUST0170,WH007,2025-12-08,2025-12-09,,78,681.38,0.11,47301.4,Shipped,No,Surat
SO00480,PRD0052,CUST0113,WH002,2025-07-25,2025-07-30,,63,4858.41,0.01,303019.03,Cancelled,No,Ahmedabad
SO00481,PRD0016,CUST0041,WH008,2025-05-13,2025-05-22,,96,3671.73,0.17,292563.45,Processing,No,Coimbatore
SO00482,PRD0044,CUST0171,WH005,2026-02-10,2026-02-14,,78,3134.07,0.18,200455.12,Shipped,No,Lucknow
SO00483,PRD0037,CUST0129,WH002,2025-08-16,2025-08-24,,85,1693.2,0.07,133847.46,Shipped,No,Jaipur
SO00484,PRD0056,CUST0001,WH008,2026-03-05,2026-03-17,,25,1966.0,0.12,43252.0,Cancelled,No,Jaipur
SO00485,PRD0025,CUST0152,WH008,2025-12-23,2026-01-02,,25,2111.07,0.08,48554.61,Shipped,No,Nagpur
SO00486,PRD0022,CUST0111,WH008,2025-11-17,2025-11-30,2025-12-06,39,1820.46,0.07,66028.08,Delivered,No,Pune
SO00487,PRD0084,CUST0153,WH001,2025-08-29,2025-09-03,2025-09-10,70,1046.01,0.13,63702.01,Delivered,No,Delhi
SO00488,PRD0099,CUST0184,WH004,2025-07-22,2025-07-31,2025-08-05,92,3950.54,0.18,298028.74,Delivered,No,Pune
SO00489,PRD0031,CUST0180,WH003,2025-04-23,2025-04-26,,22,3578.26,0.08,72423.98,Processing,No,Bangalore
SO00490,PRD0019,CUST0147,WH006,2026-01-02,2026-01-05,,78,4716.38,0.0,367877.64,Cancelled,No,Lucknow
SO00491,PRD0029,CUST0077,WH004,2025-07-21,2025-07-28,2025-07-27,41,958.78,0.12,34592.78,Delivered,Yes,Kochi
SO00492,PRD0077,CUST0084,WH006,2025-12-03,2025-12-13,2025-12-13,62,645.7,0.19,32427.05,Delivered,Yes,Ahmedabad
SO00493,PRD0064,CUST0028,WH004,2025-09-30,2025-10-08,,95,1528.35,0.2,116154.6,Processing,No,Surat
SO00494,PRD0067,CUST0106,WH002,2026-02-21,2026-02-23,2026-02-26,95,2944.43,0.04,268532.02,Delivered,No,Pune
SO00495,PRD0023,CUST0079,WH005,2025-09-15,2025-09-19,2025-09-24,74,1623.61,0.19,97319.18,Delivered,No,Delhi
SO00496,PRD0039,CUST0129,WH005,2025-06-17,2025-06-21,2025-06-22,83,3144.28,0.06,245316.73,Delivered,No,Jaipur
SO00497,PRD0057,CUST0174,WH008,2026-02-21,2026-03-01,2026-03-05,9,4906.51,0.12,38859.56,Delivered,No,Mumbai
SO00498,PRD0035,CUST0055,WH006,2025-07-31,2025-08-07,,13,2218.25,0.17,23934.92,Cancelled,No,Kochi
SO00499,PRD0036,CUST0121,WH007,2025-12-01,2025-12-08,2025-12-06,19,2595.06,0.02,48320.02,Delivered,Yes,Delhi
SO00500,PRD0092,CUST0146,WH007,2025-04-02,2025-04-03,2025-04-01,22,2345.24,0.1,46435.75,Delivered,Yes,Nagpur
SO00501,PRD0007,CUST0139,WH003,2025-12-22,2025-12-29,2026-01-05,99,3299.83,0.11,290748.02,Delivered,No,Delhi
SO00502,PRD0030,CUST0197,WH003,2025-05-30,2025-06-13,,86,4593.93,0.18,323963.94,Processing,No,Pune
SO00503,PRD0092,CUST0165,WH008,2025-06-05,2025-06-19,,8,2345.24,0.15,15947.63,Shipped,No,Bangalore
SO00504,PRD0090,CUST0062,WH001,2025-07-19,2025-07-25,2025-07-25,42,3139.3,0.05,125258.07,Delivered,Yes,Nagpur
SO00505,PRD0040,CUST0148,WH005,2025-10-22,2025-11-02,2025-11-06,25,3489.93,0.02,85503.28,Delivered,No,Surat
SO00506,PRD0088,CUST0020,WH007,2025-07-15,2025-07-27,2025-07-30,28,3141.65,0.18,72132.28,Delivered,No,Hyderabad
SO00507,PRD0012,CUST0020,WH003,2025-04-01,2025-04-15,,77,4408.94,0.04,325908.84,Shipped,No,Hyderabad
SO00508,PRD0041,CUST0151,WH008,2025-07-13,2025-07-25,,60,4208.92,0.13,219705.62,Processing,No,Kochi
SO00509,PRD0076,CUST0123,WH003,2025-05-19,2025-06-02,,22,2008.76,0.14,38005.74,Cancelled,No,Hyderabad
SO00510,PRD0093,CUST0190,WH007,2025-08-26,2025-09-03,2025-09-07,100,1895.09,0.04,181928.64,Delivered,No,Chennai
SO00511,PRD0008,CUST0004,WH006,2025-10-01,2025-10-08,,87,3084.59,0.12,236156.21,Processing,No,Delhi
SO00512,PRD0036,CUST0024,WH007,2025-04-08,2025-04-14,2025-04-13,10,2595.06,0.15,22058.01,Delivered,Yes,Coimbatore
SO00513,PRD0007,CUST0018,WH001,2025-11-06,2025-11-12,2025-11-14,98,3299.83,0.16,271642.01,Delivered,No,Chennai
SO00514,PRD0030,CUST0197,WH001,2026-01-06,2026-01-15,,18,4593.93,0.17,68633.31,Shipped,No,Pune
SO00515,PRD0066,CUST0172,WH005,2025-09-01,2025-09-02,,42,1485.58,0.09,56778.87,Shipped,No,Bangalore
SO00516,PRD0056,CUST0087,WH004,2025-05-20,2025-05-24,,13,1966.0,0.06,24024.52,Cancelled,No,Jaipur
SO00517,PRD0081,CUST0151,WH005,2025-11-02,2025-11-13,2025-11-15,84,2414.08,0.12,178448.79,Delivered,No,Kochi
SO00518,PRD0027,CUST0121,WH004,2025-06-18,2025-07-01,2025-07-08,91,860.35,0.11,69679.75,Delivered,No,Delhi
SO00519,PRD0025,CUST0035,WH003,2025-06-22,2025-07-03,2025-07-06,87,2111.07,0.11,163460.15,Delivered,No,Bangalore
SO00520,PRD0079,CUST0052,WH007,2025-09-23,2025-10-06,,50,3243.13,0.04,155670.24,Cancelled,No,Lucknow
SO00521,PRD0049,CUST0128,WH007,2025-04-14,2025-04-19,,26,1070.46,0.11,24770.44,Cancelled,No,Bangalore
SO00522,PRD0099,CUST0176,WH005,2025-06-18,2025-06-19,,92,3950.54,0.17,301663.23,Processing,No,Coimbatore
SO00523,PRD0039,CUST0018,WH002,2025-12-18,2025-12-31,,58,3144.28,0.19,147718.27,Shipped,No,Chennai
SO00524,PRD0033,CUST0087,WH002,2026-01-23,2026-01-25,2026-01-30,30,2415.44,0.13,63042.98,Delivered,No,Jaipur
SO00525,PRD0092,CUST0045,WH004,2025-03-31,2025-04-07,,43,2345.24,0.0,100845.32,Processing,No,Hyderabad
SO00526,PRD0084,CUST0137,WH005,2025-05-02,2025-05-10,2025-05-13,87,1046.01,0.02,89182.81,Delivered,No,Kochi
SO00527,PRD0011,CUST0092,WH002,2026-01-28,2026-02-06,2026-02-09,12,1875.71,0.13,19582.41,Delivered,No,Kolkata
SO00528,PRD0050,CUST0099,WH007,2025-06-24,2025-06-26,2025-06-27,12,1912.62,0.13,19967.75,Delivered,No,Kanpur
SO00529,PRD0070,CUST0072,WH005,2025-11-15,2025-11-22,,17,2632.52,0.2,35802.27,Shipped,No,Chennai
SO00530,PRD0050,CUST0189,WH008,2025-07-18,2025-07-26,2025-08-02,14,1912.62,0.05,25437.85,Delivered,No,Mumbai
SO00531,PRD0095,CUST0036,WH006,2025-12-31,2026-01-14,,48,453.32,0.08,20018.61,Cancelled,No,Nagpur
SO00532,PRD0059,CUST0142,WH002,2025-08-02,2025-08-04,,53,2580.04,0.16,114863.38,Processing,No,Kochi
SO00533,PRD0025,CUST0026,WH008,2025-03-13,2025-03-25,,88,2111.07,0.08,170912.23,Shipped,No,Pune
SO00534,PRD0058,CUST0189,WH003,2025-04-17,2025-04-18,2025-04-21,7,706.89,0.14,4255.48,Delivered,No,Mumbai
SO00535,PRD0013,CUST0023,WH006,2025-05-07,2025-05-11,2025-05-09,99,4659.9,0.02,452103.5,Delivered,Yes,Bangalore
SO00536,PRD0005,CUST0141,WH005,2025-07-16,2025-07-19,,84,1210.42,0.07,94558.01,Shipped,No,Ahmedabad
SO00537,PRD0001,CUST0068,WH003,2025-05-14,2025-05-22,,89,3710.34,0.06,310407.04,Shipped,No,Kolkata
SO00538,PRD0074,CUST0092,WH007,2026-01-17,2026-01-23,,83,4189.13,0.17,288589.17,Shipped,No,Kolkata
SO00539,PRD0059,CUST0075,WH006,2025-04-27,2025-05-11,,47,2580.04,0.15,103072.6,Shipped,No,Chennai
SO00540,PRD0100,CUST0033,WH008,2026-02-01,2026-02-05,,18,3938.86,0.12,62391.54,Cancelled,No,Kolkata
SO00541,PRD0008,CUST0138,WH003,2026-01-08,2026-01-16,,39,3084.59,0.02,117893.03,Shipped,No,Kochi
SO00542,PRD0083,CUST0082,WH004,2025-04-07,2025-04-08,2025-04-06,56,3433.07,0.1,173026.73,Delivered,Yes,Delhi
SO00543,PRD0097,CUST0126,WH003,2025-09-11,2025-09-21,2025-09-21,31,1109.0,0.05,32660.05,Delivered,Yes,Nagpur
SO00544,PRD0080,CUST0081,WH008,2025-12-08,2025-12-18,2025-12-22,98,202.98,0.14,17107.15,Delivered,No,Coimbatore
SO00545,PRD0091,CUST0073,WH006,2025-05-05,2025-05-07,2025-05-12,82,4316.09,0.0,353919.38,Delivered,No,Jaipur
SO00546,PRD0032,CUST0093,WH003,2025-11-18,2025-11-25,2025-11-29,43,762.23,0.04,31464.85,Delivered,No,Kanpur
SO00547,PRD0100,CUST0135,WH008,2025-10-28,2025-11-11,,29,3938.86,0.17,94808.36,Shipped,No,Mumbai
SO00548,PRD0051,CUST0084,WH005,2025-04-25,2025-05-08,2025-05-11,27,2110.12,0.16,47857.52,Delivered,No,Ahmedabad
SO00549,PRD0004,CUST0148,WH003,2025-09-23,2025-10-07,2025-10-07,70,1617.34,0.12,99628.14,Delivered,Yes,Surat
SO00550,PRD0058,CUST0063,WH006,2026-02-26,2026-03-06,,68,706.89,0.01,47587.83,Cancelled,No,Kolkata
SO00551,PRD0057,CUST0200,WH002,2025-03-18,2025-04-01,,20,4906.51,0.12,86354.58,Shipped,No,Lucknow
SO00552,PRD0039,CUST0030,WH001,2025-11-16,2025-11-17,,84,3144.28,0.08,242989.96,Processing,No,Surat
SO00553,PRD0071,CUST0115,WH003,2025-05-21,2025-05-27,2025-06-01,15,687.21,0.17,8555.76,Delivered,No,Pune
SO00554,PRD0057,CUST0111,WH006,2025-09-08,2025-09-09,,51,4906.51,0.02,245227.37,Shipped,No,Pune
SO00555,PRD0010,CUST0125,WH001,2025-05-29,2025-06-08,2025-06-09,56,2761.16,0.17,128338.72,Delivered,No,Surat
SO00556,PRD0060,CUST0174,WH002,2025-12-11,2025-12-19,2025-12-22,74,4529.66,0.01,331842.89,Delivered,No,Mumbai
SO00557,PRD0055,CUST0146,WH008,2026-01-18,2026-01-20,2026-01-25,85,1088.78,0.17,76813.43,Delivered,No,Nagpur
SO00558,PRD0014,CUST0168,WH008,2025-06-09,2025-06-20,,61,480.49,0.09,26672.0,Cancelled,No,Kochi
SO00559,PRD0099,CUST0193,WH007,2026-02-09,2026-02-16,,26,3950.54,0.02,100659.76,Cancelled,No,Nagpur
SO00560,PRD0028,CUST0046,WH006,2025-05-17,2025-05-27,2025-05-31,57,3188.13,0.01,179906.18,Delivered,No,Jaipur
SO00561,PRD0088,CUST0008,WH008,2025-07-09,2025-07-19,,87,3141.65,0.01,270590.31,Shipped,No,Bangalore
SO00562,PRD0003,CUST0046,WH001,2025-07-30,2025-08-07,2025-08-14,54,4021.49,0.17,180243.18,Delivered,No,Jaipur
SO00563,PRD0025,CUST0174,WH006,2025-12-09,2025-12-23,2025-12-23,78,2111.07,0.17,136670.67,Delivered,Yes,Mumbai
SO00564,PRD0057,CUST0055,WH006,2025-04-05,2025-04-14,2025-04-12,66,4906.51,0.13,281731.8,Delivered,Yes,Kochi
SO00565,PRD0065,CUST0132,WH001,2026-02-06,2026-02-14,,67,4696.01,0.06,295754.71,Processing,No,Jaipur
SO00566,PRD0049,CUST0098,WH003,2026-02-01,2026-02-09,,73,1070.46,0.11,69547.79,Shipped,No,Hyderabad
SO00567,PRD0091,CUST0109,WH002,2025-12-27,2026-01-05,2026-01-07,100,4316.09,0.04,414344.64,Delivered,No,Surat
SO00568,PRD0070,CUST0032,WH001,2025-07-26,2025-08-01,,52,2632.52,0.2,109512.83,Processing,No,Coimbatore
SO00569,PRD0055,CUST0086,WH003,2025-10-24,2025-11-05,,69,1088.78,0.14,64608.21,Shipped,No,Kolkata
SO00570,PRD0015,CUST0107,WH005,2025-09-18,2025-09-21,,33,681.38,0.18,18438.14,Shipped,No,Jaipur
SO00571,PRD0058,CUST0152,WH003,2025-04-11,2025-04-14,,30,706.89,0.0,21206.7,Cancelled,No,Nagpur
SO00572,PRD0028,CUST0118,WH008,2025-12-17,2025-12-30,2026-01-06,92,3188.13,0.09,266910.24,Delivered,No,Kanpur
SO00573,PRD0070,CUST0002,WH004,2025-04-17,2025-04-23,2025-04-28,43,2632.52,0.12,99614.56,Delivered,No,Nagpur
SO00574,PRD0036,CUST0179,WH007,2025-07-09,2025-07-15,2025-07-14,25,2595.06,0.17,53847.5,Delivered,Yes,Lucknow
SO00575,PRD0004,CUST0161,WH003,2026-01-16,2026-01-29,2026-02-02,58,1617.34,0.17,77858.75,Delivered,No,Kolkata
SO00576,PRD0048,CUST0055,WH002,2025-05-16,2025-05-28,,12,2799.75,0.01,33261.03,Cancelled,No,Kochi
SO00577,PRD0006,CUST0101,WH001,2025-12-02,2025-12-08,,58,969.4,0.15,47791.42,Shipped,No,Chennai
SO00578,PRD0024,CUST0200,WH006,2025-04-03,2025-04-12,2025-04-14,3,1118.49,0.11,2986.37,Delivered,No,Lucknow
SO00579,PRD0073,CUST0128,WH001,2025-05-06,2025-05-15,2025-05-17,97,4643.43,0.17,373842.55,Delivered,No,Bangalore
SO00580,PRD0087,CUST0179,WH001,2025-05-14,2025-05-19,,83,2218.99,0.17,152866.22,Processing,No,Lucknow
SO00581,PRD0016,CUST0145,WH005,2025-04-29,2025-05-12,2025-05-13,58,3671.73,0.02,208701.13,Delivered,No,Kolkata
SO00582,PRD0010,CUST0065,WH003,2025-09-23,2025-10-06,2025-10-04,73,2761.16,0.06,189470.8,Delivered,Yes,Ahmedabad
SO00583,PRD0044,CUST0171,WH003,2025-08-16,2025-08-27,2025-08-28,85,3134.07,0.02,261068.03,Delivered,No,Lucknow
SO00584,PRD0046,CUST0027,WH003,2025-08-28,2025-09-07,,82,3056.69,0.05,238116.15,Shipped,No,Lucknow
SO00585,PRD0033,CUST0131,WH004,2025-08-25,2025-09-03,2025-09-04,16,2415.44,0.18,31690.57,Delivered,No,Bangalore
SO00586,PRD0019,CUST0188,WH003,2025-11-10,2025-11-24,,9,4716.38,0.07,39476.1,Processing,No,Lucknow
SO00587,PRD0032,CUST0125,WH008,2025-05-13,2025-05-22,,10,762.23,0.14,6555.18,Cancelled,No,Surat
SO00588,PRD0038,CUST0057,WH006,2025-03-23,2025-03-30,,3,1808.04,0.01,5369.88,Processing,No,Coimbatore
SO00589,PRD0025,CUST0167,WH006,2025-10-15,2025-10-23,,7,2111.07,0.06,13890.84,Processing,No,Coimbatore
SO00590,PRD0004,CUST0100,WH006,2025-03-27,2025-04-08,2025-04-10,77,1617.34,0.05,118308.42,Delivered,No,Lucknow
SO00591,PRD0034,CUST0080,WH002,2025-12-28,2026-01-10,2026-01-16,9,4238.6,0.07,35477.08,Delivered,No,Kolkata
SO00592,PRD0010,CUST0103,WH003,2025-10-11,2025-10-21,2025-10-28,33,2761.16,0.18,74716.99,Delivered,No,Pune
SO00593,PRD0022,CUST0143,WH001,2025-06-25,2025-07-03,,73,1820.46,0.18,108972.74,Processing,No,Kolkata
SO00594,PRD0029,CUST0139,WH006,2025-10-14,2025-10-28,,81,958.78,0.2,62128.94,Cancelled,No,Delhi
SO00595,PRD0063,CUST0149,WH004,2025-06-17,2025-06-27,,21,4575.75,0.09,87442.58,Cancelled,No,Kochi
SO00596,PRD0004,CUST0200,WH007,2025-09-25,2025-10-09,,77,1617.34,0.01,123289.83,Processing,No,Lucknow
SO00597,PRD0076,CUST0011,WH002,2026-01-15,2026-01-25,,55,2008.76,0.19,89490.26,Processing,No,Nagpur
SO00598,PRD0095,CUST0115,WH002,2025-06-09,2025-06-10,,55,453.32,0.17,20694.06,Cancelled,No,Pune
SO00599,PRD0068,CUST0086,WH005,2025-05-07,2025-05-16,2025-05-18,40,769.95,0.17,25562.34,Delivered,No,Kolkata
SO00600,PRD0015,CUST0162,WH007,2025-07-02,2025-07-09,,55,681.38,0.17,31105.0,Cancelled,No,Bangalore
SO00601,PRD0023,CUST0036,WH005,2025-11-17,2025-11-24,2025-11-23,62,1623.61,0.15,85564.25,Delivered,Yes,Nagpur
SO00602,PRD0057,CUST0095,WH007,2026-02-13,2026-02-24,2026-03-03,36,4906.51,0.03,171335.33,Delivered,No,Ahmedabad
SO00603,PRD0055,CUST0144,WH002,2025-07-01,2025-07-02,,61,1088.78,0.01,65751.42,Shipped,No,Bangalore
SO00604,PRD0086,CUST0004,WH003,2026-02-09,2026-02-10,2026-02-16,96,1805.94,0.2,138696.19,Delivered,No,Delhi
SO00605,PRD0084,CUST0013,WH001,2025-09-28,2025-10-07,2025-10-09,87,1046.01,0.0,91002.87,Delivered,No,Kanpur
SO00606,PRD0030,CUST0039,WH008,2025-08-09,2025-08-19,,62,4593.93,0.1,256341.29,Cancelled,No,Kanpur
SO00607,PRD0066,CUST0157,WH008,2026-01-18,2026-01-29,,90,1485.58,0.06,125680.07,Processing,No,Kanpur
SO00608,PRD0061,CUST0099,WH008,2025-12-08,2025-12-16,2025-12-18,1,145.59,0.01,144.13,Delivered,No,Kanpur
SO00609,PRD0004,CUST0038,WH008,2025-07-06,2025-07-07,2025-07-06,47,1617.34,0.01,75254.83,Delivered,Yes,Jaipur
SO00610,PRD0082,CUST0187,WH002,2025-03-24,2025-04-06,,53,3161.39,0.02,164202.6,Processing,No,Ahmedabad
SO00611,PRD0034,CUST0058,WH003,2025-06-08,2025-06-14,,72,4238.6,0.12,268557.7,Processing,No,Kanpur
SO00612,PRD0093,CUST0044,WH002,2026-02-21,2026-02-24,2026-02-26,79,1895.09,0.06,140729.38,Delivered,No,Jaipur
SO00613,PRD0024,CUST0188,WH004,2025-05-22,2025-05-30,,34,1118.49,0.13,33084.93,Shipped,No,Lucknow
SO00614,PRD0054,CUST0075,WH006,2025-06-03,2025-06-05,,35,3658.33,0.12,112676.56,Processing,No,Chennai
SO00615,PRD0007,CUST0092,WH002,2025-10-28,2025-11-11,2025-11-17,28,3299.83,0.04,88699.43,Delivered,No,Kolkata
SO00616,PRD0011,CUST0069,WH002,2025-10-05,2025-10-11,2025-10-18,74,1875.71,0.01,137414.51,Delivered,No,Kanpur
SO00617,PRD0018,CUST0115,WH002,2025-04-22,2025-04-23,2025-04-27,30,74.36,0.04,2141.57,Delivered,No,Pune
SO00618,PRD0074,CUST0156,WH005,2025-04-12,2025-04-22,2025-04-22,57,4189.13,0.18,195799.94,Delivered,Yes,Hyderabad
SO00619,PRD0031,CUST0145,WH005,2026-02-13,2026-02-21,,98,3578.26,0.09,319109.23,Cancelled,No,Kolkata
SO00620,PRD0003,CUST0168,WH005,2025-10-06,2025-10-15,2025-10-22,40,4021.49,0.17,133513.47,Delivered,No,Kochi
SO00621,PRD0016,CUST0007,WH002,2025-06-03,2025-06-06,,65,3671.73,0.03,231502.58,Shipped,No,Ahmedabad
SO00622,PRD0006,CUST0102,WH001,2025-09-22,2025-10-02,,96,969.4,0.07,86548.03,Cancelled,No,Mumbai
SO00623,PRD0057,CUST0184,WH004,2025-08-24,2025-08-30,2025-08-31,89,4906.51,0.06,410478.63,Delivered,No,Pune
SO00624,PRD0019,CUST0114,WH008,2025-12-02,2025-12-11,2025-12-10,31,4716.38,0.1,131587.0,Delivered,Yes,Coimbatore
SO00625,PRD0083,CUST0054,WH004,2025-06-01,2025-06-02,2025-06-01,41,3433.07,0.13,122457.61,Delivered,Yes,Kanpur
SO00626,PRD0016,CUST0148,WH004,2025-09-08,2025-09-14,,52,3671.73,0.12,168018.36,Shipped,No,Surat
SO00627,PRD0011,CUST0192,WH006,2025-06-08,2025-06-21,2025-06-24,14,1875.71,0.04,25209.54,Delivered,No,Coimbatore
SO00628,PRD0036,CUST0182,WH007,2026-02-03,2026-02-12,2026-02-15,32,2595.06,0.03,80550.66,Delivered,No,Kanpur
SO00629,PRD0044,CUST0076,WH005,2025-08-16,2025-08-20,,47,3134.07,0.0,147301.29,Shipped,No,Nagpur
SO00630,PRD0037,CUST0177,WH005,2025-09-23,2025-10-06,2025-10-13,64,1693.2,0.05,102946.56,Delivered,No,Lucknow
SO00631,PRD0080,CUST0129,WH008,2025-12-18,2025-12-26,2025-12-26,41,202.98,0.03,8072.51,Delivered,Yes,Jaipur
SO00632,PRD0082,CUST0071,WH004,2025-06-04,2025-06-16,2025-06-16,36,3161.39,0.05,108119.54,Delivered,Yes,Surat
SO00633,PRD0087,CUST0083,WH007,2025-06-15,2025-06-27,2025-06-26,95,2218.99,0.04,202371.89,Delivered,Yes,Jaipur
SO00634,PRD0089,CUST0107,WH002,2025-12-15,2025-12-21,,62,4237.75,0.16,220702.02,Cancelled,No,Jaipur
SO00635,PRD0065,CUST0124,WH001,2025-05-08,2025-05-15,2025-05-19,22,4696.01,0.11,91947.88,Delivered,No,Kanpur
SO00636,PRD0066,CUST0036,WH005,2025-12-13,2025-12-21,2025-12-22,48,1485.58,0.0,71307.84,Delivered,No,Nagpur
SO00637,PRD0029,CUST0143,WH007,2025-05-29,2025-06-05,,34,958.78,0.17,27056.77,Cancelled,No,Kolkata
SO00638,PRD0039,CUST0166,WH008,2025-09-25,2025-10-01,2025-10-07,6,3144.28,0.2,15092.54,Delivered,No,Kanpur
SO00639,PRD0085,CUST0113,WH001,2025-05-24,2025-05-29,,22,4254.94,0.12,82375.64,Processing,No,Ahmedabad
SO00640,PRD0031,CUST0191,WH001,2026-03-03,2026-03-08,2026-03-13,87,3578.26,0.11,277064.67,Delivered,No,Bangalore
SO00641,PRD0069,CUST0002,WH001,2025-11-08,2025-11-17,,24,1433.34,0.07,31992.15,Shipped,No,Nagpur
SO00642,PRD0007,CUST0133,WH007,2026-02-09,2026-02-15,,57,3299.83,0.15,159876.76,Processing,No,Kolkata
SO00643,PRD0008,CUST0142,WH006,2025-03-30,2025-04-09,2025-04-14,3,3084.59,0.15,7865.7,Delivered,No,Kochi
SO00644,PRD0064,CUST0126,WH008,2025-07-06,2025-07-19,2025-07-22,65,1528.35,0.19,80467.63,Delivered,No,Nagpur
SO00645,PRD0044,CUST0093,WH006,2025-04-11,2025-04-23,2025-04-27,3,3134.07,0.1,8461.99,Delivered,No,Kanpur
SO00646,PRD0043,CUST0029,WH008,2025-10-12,2025-10-18,2025-10-24,18,4966.02,0.17,74192.34,Delivered,No,Kanpur
SO00647,PRD0038,CUST0137,WH001,2025-12-09,2025-12-12,,19,1808.04,0.15,29199.85,Shipped,No,Kochi
SO00648,PRD0054,CUST0057,WH008,2025-11-29,2025-12-11,,11,3658.33,0.19,32595.72,Cancelled,No,Coimbatore
SO00649,PRD0026,CUST0197,WH003,2025-10-13,2025-10-21,2025-10-19,9,2796.29,0.02,24663.28,Delivered,Yes,Pune
SO00650,PRD0029,CUST0171,WH006,2025-04-21,2025-04-25,2025-04-30,96,958.78,0.0,92042.88,Delivered,No,Lucknow
SO00651,PRD0098,CUST0147,WH002,2025-05-05,2025-05-18,2025-05-20,99,1182.85,0.02,114760.11,Delivered,No,Lucknow
SO00652,PRD0089,CUST0147,WH002,2025-07-09,2025-07-23,2025-07-28,62,4237.75,0.18,215447.21,Delivered,No,Lucknow
SO00653,PRD0043,CUST0053,WH003,2025-12-03,2025-12-16,,90,4966.02,0.11,397778.2,Shipped,No,Nagpur
SO00654,PRD0056,CUST0179,WH003,2025-11-19,2025-12-01,,54,1966.0,0.04,101917.44,Cancelled,No,Lucknow
SO00655,PRD0096,CUST0178,WH002,2025-10-20,2025-10-28,2025-10-29,57,4666.13,0.2,212775.53,Delivered,No,Lucknow
SO00656,PRD0019,CUST0098,WH007,2025-03-25,2025-04-04,,61,4716.38,0.0,287699.18,Processing,No,Hyderabad
SO00657,PRD0041,CUST0035,WH001,2026-01-20,2026-01-21,,43,4208.92,0.05,171934.38,Cancelled,No,Bangalore
SO00658,PRD0083,CUST0066,WH007,2025-09-25,2025-09-28,,75,3433.07,0.11,229157.42,Processing,No,Kanpur
SO00659,PRD0026,CUST0032,WH001,2025-06-02,2025-06-04,2025-06-04,84,2796.29,0.16,197306.22,Delivered,Yes,Coimbatore
SO00660,PRD0010,CUST0128,WH001,2025-05-11,2025-05-15,,79,2761.16,0.08,200681.11,Cancelled,No,Bangalore
SO00661,PRD0092,CUST0157,WH001,2025-04-20,2025-05-04,2025-05-09,89,2345.24,0.15,177417.41,Delivered,No,Kanpur
SO00662,PRD0073,CUST0199,WH005,2025-04-11,2025-04-25,2025-04-30,98,4643.43,0.08,418651.65,Delivered,No,Hyderabad
SO00663,PRD0090,CUST0072,WH002,2025-04-01,2025-04-14,2025-04-17,15,3139.3,0.03,45676.82,Delivered,No,Chennai
SO00664,PRD0065,CUST0098,WH006,2026-01-28,2026-02-03,,20,4696.01,0.19,76075.36,Shipped,No,Hyderabad
SO00665,PRD0092,CUST0087,WH004,2026-03-01,2026-03-04,2026-03-10,85,2345.24,0.04,191371.58,Delivered,No,Jaipur
SO00666,PRD0056,CUST0137,WH005,2025-11-03,2025-11-08,,33,1966.0,0.14,55795.08,Shipped,No,Kochi
SO00667,PRD0035,CUST0105,WH006,2025-11-01,2025-11-14,2025-11-21,73,2218.25,0.14,139261.73,Delivered,No,Kanpur
SO00668,PRD0083,CUST0150,WH003,2025-04-22,2025-04-29,2025-04-30,67,3433.07,0.01,227715.53,Delivered,No,Kolkata
SO00669,PRD0054,CUST0140,WH001,2025-05-04,2025-05-06,,87,3658.33,0.18,260985.26,Processing,No,Jaipur
SO00670,PRD0076,CUST0065,WH003,2026-01-29,2026-02-05,2026-02-09,73,2008.76,0.12,129042.74,Delivered,No,Ahmedabad
SO00671,PRD0025,CUST0196,WH005,2025-09-17,2025-09-28,2025-10-05,77,2111.07,0.05,154424.77,Delivered,No,Kochi
SO00672,PRD0043,CUST0162,WH004,2025-05-18,2025-05-20,2025-05-24,85,4966.02,0.17,350352.71,Delivered,No,Bangalore
SO00673,PRD0039,CUST0158,WH003,2025-06-05,2025-06-09,,93,3144.28,0.03,283645.5,Processing,No,Bangalore
SO00674,PRD0057,CUST0009,WH002,2026-01-24,2026-01-27,2026-01-31,19,4906.51,0.19,75511.19,Delivered,No,Lucknow
SO00675,PRD0042,CUST0055,WH001,2025-05-06,2025-05-15,,49,3184.88,0.0,156059.12,Cancelled,No,Kochi
SO00676,PRD0081,CUST0058,WH001,2025-10-08,2025-10-20,2025-10-25,65,2414.08,0.07,145931.14,Delivered,No,Kanpur
SO00677,PRD0036,CUST0019,WH005,2025-07-27,2025-08-04,2025-08-02,32,2595.06,0.08,76398.57,Delivered,Yes,Pune
SO00678,PRD0066,CUST0026,WH001,2025-11-28,2025-12-02,,2,1485.58,0.07,2763.18,Cancelled,No,Pune
SO00679,PRD0067,CUST0196,WH005,2025-12-05,2025-12-15,2025-12-19,23,2944.43,0.06,63658.58,Delivered,No,Kochi
SO00680,PRD0098,CUST0151,WH004,2026-01-03,2026-01-04,,75,1182.85,0.08,81616.65,Cancelled,No,Kochi
SO00681,PRD0048,CUST0102,WH001,2025-08-27,2025-09-01,2025-09-01,28,2799.75,0.06,73689.42,Delivered,Yes,Mumbai
SO00682,PRD0071,CUST0057,WH007,2026-03-05,2026-03-14,,70,687.21,0.12,42332.14,Processing,No,Coimbatore
SO00683,PRD0003,CUST0162,WH008,2025-09-19,2025-09-30,2025-10-06,66,4021.49,0.15,225605.59,Delivered,No,Bangalore
SO00684,PRD0082,CUST0180,WH002,2025-11-05,2025-11-14,,98,3161.39,0.01,306718.06,Shipped,No,Bangalore
SO00685,PRD0088,CUST0104,WH008,2025-12-26,2025-12-28,2025-12-26,59,3141.65,0.02,181650.2,Delivered,Yes,Mumbai
SO00686,PRD0033,CUST0186,WH001,2025-11-19,2025-11-29,,23,2415.44,0.18,45555.2,Cancelled,No,Nagpur
SO00687,PRD0088,CUST0180,WH007,2026-03-07,2026-03-11,,52,3141.65,0.01,161732.14,Cancelled,No,Bangalore
SO00688,PRD0052,CUST0105,WH005,2025-06-23,2025-07-06,,66,4858.41,0.01,317448.51,Shipped,No,Kanpur
SO00689,PRD0079,CUST0069,WH003,2025-08-30,2025-09-10,2025-09-16,85,3243.13,0.1,248099.44,Delivered,No,Kanpur
SO00690,PRD0006,CUST0057,WH008,2025-06-07,2025-06-12,2025-06-13,63,969.4,0.03,59240.03,Delivered,No,Coimbatore
SO00691,PRD0019,CUST0158,WH006,2025-08-27,2025-08-29,2025-08-29,56,4716.38,0.17,219217.34,Delivered,Yes,Bangalore
SO00692,PRD0078,CUST0183,WH001,2025-12-05,2025-12-17,,64,3339.44,0.2,170979.33,Cancelled,No,Coimbatore
SO00693,PRD0096,CUST0113,WH005,2025-09-02,2025-09-16,,28,4666.13,0.17,108440.86,Shipped,No,Ahmedabad
SO00694,PRD0023,CUST0143,WH008,2025-07-09,2025-07-22,2025-07-21,92,1623.61,0.12,131447.47,Delivered,Yes,Kolkata
SO00695,PRD0032,CUST0194,WH005,2025-05-07,2025-05-18,,8,762.23,0.16,5122.19,Processing,No,Kochi
SO00696,PRD0028,CUST0062,WH005,2025-12-02,2025-12-06,,39,3188.13,0.14,106929.88,Processing,No,Nagpur
SO00697,PRD0039,CUST0150,WH006,2025-11-25,2025-11-26,,61,3144.28,0.11,170702.96,Processing,No,Kolkata
SO00698,PRD0002,CUST0039,WH004,2025-10-29,2025-11-06,2025-11-10,66,4323.12,0.14,245380.29,Delivered,No,Kanpur
SO00699,PRD0088,CUST0063,WH004,2025-07-13,2025-07-18,2025-07-17,72,3141.65,0.02,221674.82,Delivered,Yes,Kolkata
SO00700,PRD0024,CUST0061,WH008,2025-11-02,2025-11-15,2025-11-14,68,1118.49,0.17,63127.58,Delivered,Yes,Chennai
SO00701,PRD0037,CUST0134,WH001,2026-01-30,2026-02-07,2026-02-12,22,1693.2,0.12,32780.35,Delivered,No,Kanpur
SO00702,PRD0041,CUST0008,WH005,2025-04-05,2025-04-17,,30,4208.92,0.02,123742.25,Cancelled,No,Bangalore
SO00703,PRD0083,CUST0185,WH002,2025-03-25,2025-03-28,,46,3433.07,0.12,138970.67,Shipped,No,Hyderabad
SO00704,PRD0007,CUST0111,WH007,2025-09-01,2025-09-09,2025-09-13,1,3299.83,0.04,3167.84,Delivered,No,Pune
SO00705,PRD0007,CUST0039,WH003,2025-07-27,2025-07-30,,28,3299.83,0.02,90547.34,Cancelled,No,Kanpur
SO00706,PRD0082,CUST0036,WH003,2025-12-21,2025-12-23,,68,3161.39,0.02,210675.03,Shipped,No,Nagpur
SO00707,PRD0081,CUST0056,WH001,2025-04-16,2025-04-29,2025-05-01,23,2414.08,0.14,47750.5,Delivered,No,Surat
SO00708,PRD0038,CUST0130,WH001,2025-08-03,2025-08-17,2025-08-22,41,1808.04,0.11,65975.38,Delivered,No,Chennai
SO00709,PRD0085,CUST0015,WH001,2025-05-07,2025-05-16,2025-05-15,69,4254.94,0.06,275975.41,Delivered,Yes,Kolkata
SO00710,PRD0084,CUST0143,WH008,2025-07-09,2025-07-22,2025-07-20,54,1046.01,0.04,54225.16,Delivered,Yes,Kolkata
SO00711,PRD0013,CUST0010,WH005,2025-04-19,2025-05-03,2025-05-02,49,4659.9,0.07,212351.64,Delivered,Yes,Lucknow
SO00712,PRD0018,CUST0091,WH003,2025-06-14,2025-06-28,,22,74.36,0.18,1341.45,Shipped,No,Kanpur
SO00713,PRD0061,CUST0052,WH002,2025-04-01,2025-04-03,,73,145.59,0.02,10415.51,Processing,No,Lucknow
SO00714,PRD0030,CUST0055,WH006,2025-06-04,2025-06-14,2025-06-15,13,4593.93,0.19,48374.08,Delivered,No,Kochi
SO00715,PRD0061,CUST0101,WH008,2025-05-22,2025-05-23,2025-05-28,78,145.59,0.13,9879.74,Delivered,No,Chennai
SO00716,PRD0044,CUST0163,WH004,2025-04-12,2025-04-15,2025-04-14,29,3134.07,0.08,83616.99,Delivered,Yes,Kolkata
SO00717,PRD0068,CUST0035,WH007,2025-05-21,2025-06-01,2025-06-01,25,769.95,0.11,17131.39,Delivered,Yes,Bangalore
SO00718,PRD0021,CUST0081,WH002,2025-08-18,2025-08-19,2025-08-20,85,238.64,0.09,18458.8,Delivered,No,Coimbatore
SO00719,PRD0075,CUST0088,WH002,2025-12-29,2025-12-30,2025-12-28,73,1534.55,0.13,97459.27,Delivered,Yes,Delhi
SO00720,PRD0064,CUST0180,WH008,2025-06-28,2025-07-07,2025-07-14,40,1528.35,0.0,61134.0,Delivered,No,Bangalore
SO00721,PRD0036,CUST0032,WH007,2025-09-13,2025-09-27,2025-10-01,79,2595.06,0.08,188608.96,Delivered,No,Coimbatore
SO00722,PRD0095,CUST0117,WH001,2025-04-30,2025-05-14,,31,453.32,0.16,11804.45,Cancelled,No,Lucknow
SO00723,PRD0041,CUST0109,WH004,2025-09-11,2025-09-12,,64,4208.92,0.03,261289.75,Shipped,No,Surat
SO00724,PRD0010,CUST0105,WH001,2025-10-15,2025-10-23,2025-10-21,81,2761.16,0.15,190105.87,Delivered,Yes,Kanpur
SO00725,PRD0097,CUST0130,WH002,2026-01-15,2026-01-21,2026-01-28,71,1109.0,0.0,78739.0,Delivered,No,Chennai
SO00726,PRD0010,CUST0014,WH006,2025-04-02,2025-04-14,2025-04-17,30,2761.16,0.05,78693.06,Delivered,No,Mumbai
SO00727,PRD0093,CUST0039,WH005,2026-02-28,2026-03-04,2026-03-02,15,1895.09,0.19,23025.34,Delivered,Yes,Kanpur
SO00728,PRD0086,CUST0145,WH006,2025-12-07,2025-12-19,2025-12-23,17,1805.94,0.07,28551.91,Delivered,No,Kolkata
SO00729,PRD0004,CUST0030,WH002,2025-03-29,2025-03-31,2025-04-02,74,1617.34,0.05,113699.0,Delivered,No,Surat
SO00730,PRD0026,CUST0126,WH004,2025-07-12,2025-07-14,,32,2796.29,0.01,88586.47,Shipped,No,Nagpur
SO00731,PRD0093,CUST0088,WH006,2025-03-18,2025-03-24,,10,1895.09,0.16,15918.76,Cancelled,No,Delhi
SO00732,PRD0040,CUST0035,WH005,2025-03-22,2025-03-28,2025-03-29,29,3489.93,0.13,88050.93,Delivered,No,Bangalore
SO00733,PRD0067,CUST0076,WH005,2025-07-07,2025-07-08,,51,2944.43,0.09,136651.0,Processing,No,Nagpur
SO00734,PRD0034,CUST0028,WH003,2025-12-04,2025-12-05,,20,4238.6,0.06,79685.68,Processing,No,Surat
SO00735,PRD0077,CUST0147,WH007,2025-09-28,2025-09-29,,40,645.7,0.02,25311.44,Shipped,No,Lucknow
SO00736,PRD0083,CUST0130,WH004,2025-04-04,2025-04-18,2025-04-21,73,3433.07,0.13,218034.28,Delivered,No,Chennai
SO00737,PRD0036,CUST0050,WH001,2025-07-15,2025-07-22,,44,2595.06,0.05,108473.51,Shipped,No,Nagpur
SO00738,PRD0065,CUST0014,WH002,2025-06-26,2025-07-06,2025-07-07,50,4696.01,0.05,223060.47,Delivered,No,Mumbai
SO00739,PRD0041,CUST0163,WH002,2025-04-27,2025-05-06,2025-05-11,36,4208.92,0.04,145460.28,Delivered,No,Kolkata
SO00740,PRD0031,CUST0027,WH004,2026-03-07,2026-03-17,2026-03-24,41,3578.26,0.17,121768.19,Delivered,No,Lucknow
SO00741,PRD0059,CUST0024,WH003,2025-04-08,2025-04-09,,2,2580.04,0.01,5108.48,Cancelled,No,Coimbatore
SO00742,PRD0043,CUST0001,WH005,2025-03-18,2025-03-27,2025-03-26,51,4966.02,0.03,245669.01,Delivered,Yes,Jaipur
SO00743,PRD0083,CUST0083,WH005,2025-09-17,2025-09-24,,47,3433.07,0.01,159740.75,Shipped,No,Jaipur
SO00744,PRD0053,CUST0075,WH007,2025-04-19,2025-05-01,2025-05-05,67,2816.55,0.05,179273.41,Delivered,No,Chennai
SO00745,PRD0063,CUST0187,WH007,2025-04-13,2025-04-15,2025-04-19,47,4575.75,0.0,215060.25,Delivered,No,Ahmedabad
SO00746,PRD0099,CUST0003,WH007,2025-04-01,2025-04-15,2025-04-16,74,3950.54,0.05,277722.96,Delivered,No,Surat
SO00747,PRD0018,CUST0099,WH002,2025-10-29,2025-11-09,2025-11-12,66,74.36,0.14,4220.67,Delivered,No,Kanpur
SO00748,PRD0025,CUST0102,WH005,2026-01-12,2026-01-24,,38,2111.07,0.08,73803.01,Cancelled,No,Mumbai
SO00749,PRD0076,CUST0033,WH001,2025-08-20,2025-09-01,2025-09-01,8,2008.76,0.02,15748.68,Delivered,Yes,Kolkata
SO00750,PRD0022,CUST0136,WH006,2025-10-15,2025-10-17,,77,1820.46,0.0,140175.42,Cancelled,No,Kanpur
SO00751,PRD0087,CUST0179,WH001,2025-10-08,2025-10-12,2025-10-10,13,2218.99,0.08,26539.12,Delivered,Yes,Lucknow
SO00752,PRD0030,CUST0152,WH006,2025-03-19,2025-03-25,2025-04-01,67,4593.93,0.11,273936.05,Delivered,No,Nagpur
SO00753,PRD0057,CUST0039,WH004,2025-12-23,2026-01-02,2026-01-06,96,4906.51,0.0,471024.96,Delivered,No,Kanpur
SO00754,PRD0044,CUST0179,WH001,2025-11-01,2025-11-11,2025-11-16,99,3134.07,0.07,288553.82,Delivered,No,Lucknow
SO00755,PRD0015,CUST0137,WH003,2025-04-08,2025-04-16,2025-04-15,96,681.38,0.12,57562.98,Delivered,Yes,Kochi
SO00756,PRD0018,CUST0183,WH005,2025-10-30,2025-11-02,,60,74.36,0.09,4060.06,Shipped,No,Coimbatore
SO00757,PRD0019,CUST0030,WH007,2025-11-17,2025-11-23,2025-11-25,52,4716.38,0.02,240346.72,Delivered,No,Surat
SO00758,PRD0082,CUST0119,WH006,2026-01-14,2026-01-21,,21,3161.39,0.13,57758.6,Cancelled,No,Nagpur
SO00759,PRD0042,CUST0013,WH007,2025-09-22,2025-10-03,,66,3184.88,0.13,182875.81,Cancelled,No,Kanpur
SO00760,PRD0062,CUST0146,WH003,2025-11-29,2025-12-04,2025-12-11,87,1284.22,0.09,101671.7,Delivered,No,Nagpur
SO00761,PRD0077,CUST0015,WH008,2025-05-12,2025-05-19,,96,645.7,0.17,51449.38,Processing,No,Kolkata
SO00762,PRD0098,CUST0167,WH005,2026-01-29,2026-02-07,,64,1182.85,0.16,63590.02,Cancelled,No,Coimbatore
SO00763,PRD0034,CUST0095,WH003,2025-05-02,2025-05-05,2025-05-05,1,4238.6,0.05,4026.67,Delivered,Yes,Ahmedabad
SO00764,PRD0047,CUST0043,WH004,2026-01-02,2026-01-11,,11,1297.86,0.18,11706.7,Shipped,No,Lucknow
SO00765,PRD0075,CUST0008,WH007,2025-04-24,2025-05-08,2025-05-12,87,1534.55,0.07,124160.44,Delivered,No,Bangalore
SO00766,PRD0085,CUST0013,WH007,2025-11-13,2025-11-18,,49,4254.94,0.15,177218.25,Shipped,No,Kanpur
SO00767,PRD0015,CUST0194,WH004,2026-01-09,2026-01-11,2026-01-13,19,681.38,0.14,11133.75,Delivered,No,Kochi
SO00768,PRD0075,CUST0153,WH002,2025-05-07,2025-05-19,,61,1534.55,0.02,91735.4,Cancelled,No,Delhi
SO00769,PRD0062,CUST0016,WH007,2025-08-10,2025-08-20,,38,1284.22,0.07,45384.33,Shipped,No,Coimbatore
SO00770,PRD0096,CUST0121,WH003,2025-07-08,2025-07-10,2025-07-13,75,4666.13,0.07,325462.57,Delivered,No,Delhi
SO00771,PRD0002,CUST0077,WH005,2025-08-01,2025-08-02,,7,4323.12,0.01,29959.22,Processing,No,Kochi
SO00772,PRD0005,CUST0050,WH002,2025-09-14,2025-09-25,,3,1210.42,0.2,2905.01,Processing,No,Nagpur
SO00773,PRD0004,CUST0108,WH008,2025-07-27,2025-08-08,,45,1617.34,0.06,68413.48,Processing,No,Mumbai
SO00774,PRD0058,CUST0028,WH003,2025-05-22,2025-05-26,2025-05-30,33,706.89,0.03,22627.55,Delivered,No,Surat
SO00775,PRD0029,CUST0067,WH005,2025-05-30,2025-06-07,,18,958.78,0.12,15187.08,Cancelled,No,Nagpur
SO00776,PRD0073,CUST0190,WH007,2025-06-28,2025-07-02,,81,4643.43,0.02,368595.47,Shipped,No,Chennai
SO00777,PRD0081,CUST0139,WH001,2025-08-09,2025-08-22,,4,2414.08,0.11,8594.12,Processing,No,Delhi
SO00778,PRD0069,CUST0081,WH007,2025-05-26,2025-05-29,2025-06-01,8,1433.34,0.13,9976.05,Delivered,No,Coimbatore
SO00779,PRD0016,CUST0105,WH003,2025-09-28,2025-09-30,2025-10-04,86,3671.73,0.06,296822.65,Delivered,No,Kanpur
SO00780,PRD0052,CUST0108,WH007,2025-09-04,2025-09-05,2025-09-06,54,4858.41,0.0,262354.14,Delivered,No,Mumbai
SO00781,PRD0036,CUST0098,WH005,2026-01-17,2026-01-22,2026-01-27,8,2595.06,0.16,17438.8,Delivered,No,Hyderabad
SO00782,PRD0028,CUST0172,WH002,2026-02-15,2026-02-16,2026-02-16,47,3188.13,0.03,145346.85,Delivered,Yes,Bangalore
SO00783,PRD0075,CUST0114,WH004,2025-08-10,2025-08-16,2025-08-15,25,1534.55,0.05,36445.56,Delivered,Yes,Coimbatore
SO00784,PRD0035,CUST0002,WH006,2025-09-04,2025-09-06,,54,2218.25,0.04,114994.08,Shipped,No,Nagpur
SO00785,PRD0065,CUST0028,WH001,2025-09-05,2025-09-08,,4,4696.01,0.18,15402.91,Processing,No,Surat
SO00786,PRD0091,CUST0141,WH001,2025-05-23,2025-05-29,2025-05-28,63,4316.09,0.07,252879.71,Delivered,Yes,Ahmedabad
SO00787,PRD0055,CUST0066,WH007,2026-02-21,2026-03-04,2026-03-03,50,1088.78,0.05,51717.05,Delivered,Yes,Kanpur
SO00788,PRD0004,CUST0179,WH003,2025-11-08,2025-11-16,,5,1617.34,0.07,7520.63,Processing,No,Lucknow
SO00789,PRD0040,CUST0187,WH006,2026-01-01,2026-01-10,2026-01-16,22,3489.93,0.11,68332.83,Delivered,No,Ahmedabad
SO00790,PRD0013,CUST0128,WH001,2025-09-23,2025-10-01,2025-10-08,27,4659.9,0.04,120784.61,Delivered,No,Bangalore
SO00791,PRD0066,CUST0144,WH005,2026-01-14,2026-01-28,,96,1485.58,0.08,131206.43,Processing,No,Bangalore
SO00792,PRD0024,CUST0019,WH004,2025-09-29,2025-10-10,2025-10-08,98,1118.49,0.18,89881.86,Delivered,Yes,Pune
SO00793,PRD0035,CUST0067,WH008,2025-12-28,2026-01-10,,21,2218.25,0.16,39129.93,Processing,No,Nagpur
SO00794,PRD0051,CUST0025,WH007,2025-08-08,2025-08-15,,85,2110.12,0.2,143488.16,Cancelled,No,Bangalore
SO00795,PRD0029,CUST0185,WH004,2025-10-27,2025-11-03,2025-11-03,8,958.78,0.16,6443.0,Delivered,Yes,Hyderabad
SO00796,PRD0025,CUST0063,WH007,2025-12-25,2026-01-01,2026-01-05,36,2111.07,0.14,65358.73,Delivered,No,Kolkata
SO00797,PRD0096,CUST0135,WH007,2025-11-08,2025-11-22,,49,4666.13,0.05,217208.35,Shipped,No,Mumbai
SO00798,PRD0002,CUST0038,WH008,2025-09-24,2025-10-03,2025-10-07,22,4323.12,0.07,88451.04,Delivered,No,Jaipur
SO00799,PRD0037,CUST0156,WH003,2025-10-04,2025-10-05,,34,1693.2,0.18,47206.42,Processing,No,Hyderabad
SO00800,PRD0074,CUST0118,WH002,2025-11-21,2025-11-22,,88,4189.13,0.02,361270.57,Cancelled,No,Kanpur
SO00801,PRD0022,CUST0051,WH008,2025-05-28,2025-06-11,2025-06-12,74,1820.46,0.12,118548.36,Delivered,No,Surat
SO00802,PRD0077,CUST0152,WH008,2025-12-23,2025-12-26,2025-12-31,2,645.7,0.18,1058.95,Delivered,No,Nagpur
SO00803,PRD0012,CUST0134,WH003,2025-05-02,2025-05-12,2025-05-18,56,4408.94,0.02,241962.63,Delivered,No,Kanpur
SO00804,PRD0079,CUST0182,WH005,2025-09-26,2025-09-29,,45,3243.13,0.13,126968.54,Processing,No,Kanpur
SO00805,PRD0037,CUST0195,WH002,2025-07-13,2025-07-26,2025-07-28,31,1693.2,0.11,46715.39,Delivered,No,Nagpur
SO00806,PRD0078,CUST0036,WH006,2025-10-06,2025-10-20,2025-10-23,88,3339.44,0.07,273299.77,Delivered,No,Nagpur
SO00807,PRD0069,CUST0081,WH007,2025-06-15,2025-06-16,2025-06-16,87,1433.34,0.17,103501.48,Delivered,Yes,Coimbatore
SO00808,PRD0078,CUST0137,WH002,2025-10-27,2025-11-05,,44,3339.44,0.17,121956.35,Shipped,No,Kochi
SO00809,PRD0058,CUST0128,WH002,2025-11-02,2025-11-04,,98,706.89,0.19,56112.93,Processing,No,Bangalore
SO00810,PRD0030,CUST0084,WH006,2025-10-11,2025-10-25,,68,4593.93,0.01,309263.37,Processing,No,Ahmedabad
SO00811,PRD0018,CUST0047,WH003,2025-08-09,2025-08-15,2025-08-21,27,74.36,0.16,1686.48,Delivered,No,Kochi
SO00812,PRD0078,CUST0138,WH007,2025-11-29,2025-12-12,2025-12-15,25,3339.44,0.0,83486.0,Delivered,No,Kochi
SO00813,PRD0097,CUST0034,WH005,2025-11-14,2025-11-21,,29,1109.0,0.18,26372.02,Shipped,No,Coimbatore
SO00814,PRD0076,CUST0091,WH008,2025-08-13,2025-08-25,,70,2008.76,0.04,134988.67,Cancelled,No,Kanpur
SO00815,PRD0056,CUST0120,WH008,2026-01-26,2026-01-27,2026-02-02,68,1966.0,0.06,125666.72,Delivered,No,Pune
SO00816,PRD0053,CUST0100,WH001,2025-10-10,2025-10-12,,56,2816.55,0.13,137222.32,Cancelled,No,Lucknow
SO00817,PRD0017,CUST0185,WH004,2025-05-30,2025-06-07,,76,898.52,0.03,66238.89,Shipped,No,Hyderabad
SO00818,PRD0077,CUST0062,WH005,2026-01-27,2026-02-08,2026-02-15,83,645.7,0.02,52521.24,Delivered,No,Nagpur
SO00819,PRD0002,CUST0033,WH005,2025-05-03,2025-05-04,2025-05-02,63,4323.12,0.18,223332.38,Delivered,Yes,Kolkata
SO00820,PRD0057,CUST0174,WH004,2025-04-14,2025-04-24,,5,4906.51,0.12,21588.64,Shipped,No,Mumbai
SO00821,PRD0060,CUST0024,WH003,2025-03-15,2025-03-23,2025-03-25,45,4529.66,0.19,165106.11,Delivered,No,Coimbatore
SO00822,PRD0095,CUST0007,WH002,2026-03-11,2026-03-16,2026-03-20,76,453.32,0.19,27906.38,Delivered,No,Ahmedabad
SO00823,PRD0068,CUST0044,WH006,2025-09-23,2025-09-25,2025-09-26,66,769.95,0.09,46243.2,Delivered,No,Jaipur
SO00824,PRD0092,CUST0008,WH006,2026-02-21,2026-02-28,,27,2345.24,0.11,56356.12,Shipped,No,Bangalore
SO00825,PRD0026,CUST0177,WH008,2025-12-09,2025-12-14,2025-12-13,99,2796.29,0.14,238076.13,Delivered,Yes,Lucknow
SO00826,PRD0028,CUST0110,WH005,2025-11-11,2025-11-22,2025-11-25,53,3188.13,0.1,152073.8,Delivered,No,Jaipur
SO00827,PRD0045,CUST0007,WH005,2025-07-21,2025-07-31,2025-08-07,60,3626.68,0.12,191488.7,Delivered,No,Ahmedabad
SO00828,PRD0089,CUST0086,WH005,2025-03-15,2025-03-25,,24,4237.75,0.15,86450.1,Shipped,No,Kolkata
SO00829,PRD0074,CUST0019,WH005,2025-09-22,2025-09-26,2025-10-01,28,4189.13,0.03,113776.77,Delivered,No,Pune
SO00830,PRD0085,CUST0179,WH004,2025-07-23,2025-07-28,2025-08-02,97,4254.94,0.01,408601.89,Delivered,No,Lucknow
SO00831,PRD0084,CUST0084,WH003,2025-10-15,2025-10-26,,79,1046.01,0.02,80982.09,Cancelled,No,Ahmedabad
SO00832,PRD0015,CUST0058,WH008,2026-02-12,2026-02-23,2026-02-26,53,681.38,0.08,33224.09,Delivered,No,Kanpur
SO00833,PRD0091,CUST0109,WH005,2026-02-16,2026-02-22,,14,4316.09,0.18,49548.71,Cancelled,No,Surat
SO00834,PRD0068,CUST0003,WH004,2025-04-22,2025-04-27,2025-04-28,40,769.95,0.04,29566.08,Delivered,No,Surat
SO00835,PRD0079,CUST0069,WH001,2025-08-04,2025-08-12,,67,3243.13,0.13,189042.05,Shipped,No,Kanpur
SO00836,PRD0004,CUST0151,WH006,2025-04-15,2025-04-19,2025-04-26,100,1617.34,0.1,145560.6,Delivered,No,Kochi
SO00837,PRD0045,CUST0100,WH006,2026-01-26,2026-02-02,,71,3626.68,0.02,252344.39,Cancelled,No,Lucknow
SO00838,PRD0081,CUST0120,WH008,2025-08-31,2025-09-11,,56,2414.08,0.01,133836.6,Cancelled,No,Pune
SO00839,PRD0086,CUST0010,WH002,2025-08-30,2025-09-05,,81,1805.94,0.02,143355.52,Cancelled,No,Lucknow
SO00840,PRD0068,CUST0007,WH003,2025-11-15,2025-11-17,,1,769.95,0.03,746.85,Shipped,No,Ahmedabad
SO00841,PRD0050,CUST0060,WH003,2025-11-11,2025-11-16,2025-11-17,55,1912.62,0.15,89414.98,Delivered,No,Pune
SO00842,PRD0092,CUST0106,WH004,2025-07-21,2025-07-29,2025-07-30,60,2345.24,0.05,133678.68,Delivered,No,Pune
SO00843,PRD0079,CUST0171,WH004,2025-06-10,2025-06-11,2025-06-12,10,3243.13,0.11,28863.86,Delivered,No,Lucknow
SO00844,PRD0061,CUST0172,WH006,2025-06-03,2025-06-08,2025-06-10,10,145.59,0.04,1397.66,Delivered,No,Bangalore
SO00845,PRD0095,CUST0145,WH008,2025-03-29,2025-04-12,,62,453.32,0.14,24171.02,Cancelled,No,Kolkata
SO00846,PRD0001,CUST0052,WH006,2025-09-25,2025-10-08,,96,3710.34,0.11,317011.45,Shipped,No,Lucknow
SO00847,PRD0055,CUST0159,WH003,2025-12-31,2026-01-07,2026-01-06,14,1088.78,0.15,12956.48,Delivered,Yes,Hyderabad
SO00848,PRD0048,CUST0128,WH004,2025-06-26,2025-07-01,,49,2799.75,0.19,111122.08,Shipped,No,Bangalore
SO00849,PRD0004,CUST0086,WH002,2025-09-01,2025-09-04,2025-09-09,27,1617.34,0.05,41484.77,Delivered,No,Kolkata
SO00850,PRD0068,CUST0078,WH008,2025-09-08,2025-09-17,,97,769.95,0.05,70950.89,Shipped,No,Pune
SO00851,PRD0093,CUST0127,WH002,2025-09-27,2025-10-03,2025-10-02,36,1895.09,0.16,57307.52,Delivered,Yes,Kochi
SO00852,PRD0051,CUST0192,WH001,2025-11-18,2025-11-24,2025-11-28,40,2110.12,0.09,76808.37,Delivered,No,Coimbatore
SO00853,PRD0018,CUST0018,WH002,2025-09-09,2025-09-13,2025-09-12,100,74.36,0.08,6841.12,Delivered,Yes,Chennai
SO00854,PRD0079,CUST0150,WH005,2025-04-05,2025-04-14,2025-04-21,23,3243.13,0.08,68624.63,Delivered,No,Kolkata
SO00855,PRD0041,CUST0175,WH001,2026-01-08,2026-01-12,,82,4208.92,0.15,293361.72,Shipped,No,Kanpur
SO00856,PRD0067,CUST0121,WH005,2025-03-14,2025-03-15,,83,2944.43,0.1,219948.92,Processing,No,Delhi
SO00857,PRD0082,CUST0147,WH001,2025-06-17,2025-06-27,2025-06-28,71,3161.39,0.04,215480.34,Delivered,No,Lucknow
SO00858,PRD0061,CUST0042,WH004,2025-06-20,2025-06-22,2025-06-28,86,145.59,0.07,11644.29,Delivered,No,Lucknow
SO00859,PRD0078,CUST0194,WH005,2025-03-19,2025-03-28,,14,3339.44,0.08,43011.99,Cancelled,No,Kochi
SO00860,PRD0036,CUST0033,WH002,2025-11-03,2025-11-10,2025-11-16,68,2595.06,0.19,142935.9,Delivered,No,Kolkata
SO00861,PRD0100,CUST0149,WH003,2025-09-06,2025-09-17,2025-09-16,66,3938.86,0.14,223569.69,Delivered,Yes,Kochi
SO00862,PRD0011,CUST0117,WH003,2025-04-09,2025-04-10,,17,1875.71,0.06,29973.85,Cancelled,No,Lucknow
SO00863,PRD0069,CUST0130,WH003,2025-08-23,2025-08-30,,24,1433.34,0.11,30616.14,Cancelled,No,Chennai
SO00864,PRD0062,CUST0087,WH003,2025-09-11,2025-09-24,2025-09-28,9,1284.22,0.09,10517.76,Delivered,No,Jaipur
SO00865,PRD0033,CUST0072,WH004,2026-02-07,2026-02-12,,49,2415.44,0.01,117172.99,Cancelled,No,Chennai
SO00866,PRD0025,CUST0139,WH004,2025-08-13,2025-08-26,,59,2111.07,0.04,119571.0,Processing,No,Delhi
SO00867,PRD0094,CUST0081,WH006,2026-01-05,2026-01-18,,26,2097.14,0.02,53435.13,Shipped,No,Coimbatore
SO00868,PRD0002,CUST0067,WH003,2025-11-18,2025-11-28,2025-11-27,67,4323.12,0.02,283856.06,Delivered,Yes,Nagpur
SO00869,PRD0011,CUST0094,WH002,2025-11-11,2025-11-19,2025-11-19,76,1875.71,0.15,121170.87,Delivered,Yes,Coimbatore
SO00870,PRD0009,CUST0025,WH006,2025-06-17,2025-06-26,,1,2934.73,0.06,2758.65,Cancelled,No,Bangalore
SO00871,PRD0074,CUST0066,WH008,2025-11-10,2025-11-11,,30,4189.13,0.0,125673.9,Cancelled,No,Kanpur
SO00872,PRD0027,CUST0189,WH002,2026-02-27,2026-03-10,,95,860.35,0.05,77646.59,Processing,No,Mumbai
SO00873,PRD0078,CUST0104,WH007,2025-05-20,2025-05-30,2025-05-29,52,3339.44,0.06,163231.83,Delivered,Yes,Mumbai
SO00874,PRD0073,CUST0081,WH002,2025-11-02,2025-11-09,2025-11-16,24,4643.43,0.15,94725.97,Delivered,No,Coimbatore
SO00875,PRD0058,CUST0097,WH008,2025-12-21,2025-12-25,,89,706.89,0.19,50959.7,Processing,No,Lucknow
SO00876,PRD0054,CUST0026,WH008,2025-09-17,2025-09-26,2025-09-27,30,3658.33,0.19,88897.42,Delivered,No,Pune
SO00877,PRD0064,CUST0048,WH006,2025-03-20,2025-03-28,,17,1528.35,0.18,21305.2,Cancelled,No,Nagpur
SO00878,PRD0083,CUST0028,WH007,2026-01-15,2026-01-18,,63,3433.07,0.16,181678.06,Cancelled,No,Surat
SO00879,PRD0028,CUST0088,WH007,2025-04-12,2025-04-25,,14,3188.13,0.11,39724.1,Processing,No,Delhi
SO00880,PRD0082,CUST0046,WH003,2026-02-16,2026-02-22,2026-02-23,85,3161.39,0.12,236471.97,Delivered,No,Jaipur
SO00881,PRD0036,CUST0195,WH006,2025-08-08,2025-08-14,,65,2595.06,0.11,150124.22,Cancelled,No,Nagpur
SO00882,PRD0069,CUST0147,WH007,2025-12-30,2025-12-31,2025-12-30,26,1433.34,0.08,34285.49,Delivered,Yes,Lucknow
SO00883,PRD0087,CUST0098,WH006,2026-01-25,2026-01-27,,7,2218.99,0.13,13513.65,Shipped,No,Hyderabad
SO00884,PRD0072,CUST0172,WH006,2026-01-23,2026-01-27,,40,1668.38,0.01,66067.85,Processing,No,Bangalore
SO00885,PRD0081,CUST0006,WH003,2025-04-25,2025-05-07,,98,2414.08,0.1,212921.86,Shipped,No,Hyderabad
SO00886,PRD0020,CUST0065,WH004,2025-08-10,2025-08-17,2025-08-17,66,4041.09,0.1,240040.75,Delivered,Yes,Ahmedabad
SO00887,PRD0086,CUST0124,WH004,2025-11-30,2025-12-10,2025-12-15,21,1805.94,0.08,34890.76,Delivered,No,Kanpur
SO00888,PRD0060,CUST0071,WH001,2025-12-13,2025-12-25,,33,4529.66,0.11,133036.11,Cancelled,No,Surat
SO00889,PRD0027,CUST0067,WH001,2025-12-27,2025-12-29,2026-01-01,89,860.35,0.01,75805.44,Delivered,No,Nagpur
SO00890,PRD0099,CUST0009,WH002,2025-04-09,2025-04-19,2025-04-23,62,3950.54,0.11,217990.8,Delivered,No,Lucknow
SO00891,PRD0084,CUST0013,WH003,2025-12-02,2025-12-05,,66,1046.01,0.13,60061.89,Processing,No,Kanpur
SO00892,PRD0030,CUST0060,WH002,2026-01-27,2026-02-04,,82,4593.93,0.04,361634.17,Processing,No,Pune
SO00893,PRD0022,CUST0101,WH001,2025-10-13,2025-10-24,,43,1820.46,0.18,64189.42,Processing,No,Chennai
SO00894,PRD0053,CUST0167,WH001,2026-03-04,2026-03-14,2026-03-12,100,2816.55,0.11,250672.95,Delivered,Yes,Coimbatore
SO00895,PRD0006,CUST0048,WH007,2025-11-05,2025-11-08,2025-11-13,83,969.4,0.19,65172.76,Delivered,No,Nagpur
SO00896,PRD0074,CUST0110,WH005,2026-01-27,2026-01-29,2026-02-02,74,4189.13,0.07,288295.93,Delivered,No,Jaipur
SO00897,PRD0071,CUST0125,WH004,2025-06-24,2025-07-04,2025-07-05,100,687.21,0.08,63223.32,Delivered,No,Surat
SO00898,PRD0058,CUST0127,WH004,2025-10-07,2025-10-16,,20,706.89,0.05,13430.91,Cancelled,No,Kochi
SO00899,PRD0040,CUST0054,WH007,2025-11-14,2025-11-27,2025-11-25,57,3489.93,0.03,192958.23,Delivered,Yes,Kanpur
SO00900,PRD0018,CUST0095,WH007,2025-09-20,2025-09-25,,54,74.36,0.02,3935.13,Processing,No,Ahmedabad
SO00901,PRD0030,CUST0106,WH004,2025-10-28,2025-11-08,2025-11-11,56,4593.93,0.16,216098.47,Delivered,No,Pune
SO00902,PRD0081,CUST0154,WH001,2025-07-07,2025-07-18,2025-07-19,7,2414.08,0.16,14194.79,Delivered,No,Mumbai
SO00903,PRD0042,CUST0068,WH002,2025-07-05,2025-07-12,,71,3184.88,0.01,223865.22,Shipped,No,Kolkata
SO00904,PRD0098,CUST0168,WH008,2025-04-25,2025-05-06,,36,1182.85,0.08,39175.99,Processing,No,Kochi
SO00905,PRD0029,CUST0010,WH001,2025-06-18,2025-06-19,2025-06-21,91,958.78,0.2,69799.18,Delivered,No,Lucknow
SO00906,PRD0042,CUST0037,WH004,2025-09-04,2025-09-18,2025-09-24,1,3184.88,0.05,3025.64,Delivered,No,Bangalore
SO00907,PRD0048,CUST0074,WH006,2025-11-27,2025-12-05,2025-12-05,5,2799.75,0.2,11199.0,Delivered,Yes,Ahmedabad
SO00908,PRD0096,CUST0175,WH005,2025-05-30,2025-06-03,,17,4666.13,0.06,74564.76,Shipped,No,Kanpur
SO00909,PRD0095,CUST0129,WH003,2025-09-26,2025-10-04,2025-10-10,43,453.32,0.08,17933.34,Delivered,No,Jaipur
SO00910,PRD0048,CUST0045,WH002,2025-08-13,2025-08-17,,70,2799.75,0.13,170504.78,Shipped,No,Hyderabad
SO00911,PRD0080,CUST0020,WH007,2025-08-05,2025-08-14,,90,202.98,0.01,18085.52,Shipped,No,Hyderabad
SO00912,PRD0072,CUST0069,WH008,2026-02-06,2026-02-10,2026-02-15,59,1668.38,0.19,79731.88,Delivered,No,Kanpur
SO00913,PRD0034,CUST0102,WH006,2025-07-24,2025-07-25,,54,4238.6,0.19,185396.36,Cancelled,No,Mumbai
SO00914,PRD0055,CUST0082,WH002,2025-04-13,2025-04-17,,84,1088.78,0.14,78653.47,Processing,No,Delhi
SO00915,PRD0074,CUST0174,WH003,2025-07-10,2025-07-21,2025-07-22,53,4189.13,0.11,197601.26,Delivered,No,Mumbai
SO00916,PRD0010,CUST0081,WH007,2025-09-12,2025-09-26,,7,2761.16,0.09,17588.59,Processing,No,Coimbatore
SO00917,PRD0076,CUST0004,WH004,2026-01-08,2026-01-21,,38,2008.76,0.01,75569.55,Shipped,No,Delhi
SO00918,PRD0070,CUST0026,WH003,2025-05-27,2025-06-03,,71,2632.52,0.05,177563.47,Processing,No,Pune
SO00919,PRD0077,CUST0063,WH002,2025-12-24,2025-12-28,,52,645.7,0.19,27196.88,Shipped,No,Kolkata
SO00920,PRD0061,CUST0082,WH006,2025-05-06,2025-05-10,,32,145.59,0.1,4192.99,Cancelled,No,Delhi
SO00921,PRD0048,CUST0013,WH007,2025-05-28,2025-06-11,2025-06-15,100,2799.75,0.02,274375.5,Delivered,No,Kanpur
SO00922,PRD0085,CUST0081,WH004,2025-09-19,2025-10-03,,35,4254.94,0.07,138498.3,Processing,No,Coimbatore
SO00923,PRD0089,CUST0056,WH003,2025-06-11,2025-06-17,,58,4237.75,0.1,221210.55,Shipped,No,Surat
SO00924,PRD0025,CUST0092,WH003,2025-04-16,2025-04-24,,47,2111.07,0.11,88306.06,Processing,No,Kolkata
SO00925,PRD0057,CUST0164,WH003,2026-03-08,2026-03-20,,36,4906.51,0.19,143073.83,Processing,No,Jaipur
SO00926,PRD0045,CUST0199,WH002,2025-08-17,2025-08-26,2025-08-30,10,3626.68,0.11,32277.45,Delivered,No,Hyderabad
SO00927,PRD0027,CUST0160,WH006,2026-01-25,2026-02-05,,90,860.35,0.04,74334.24,Processing,No,Jaipur
SO00928,PRD0018,CUST0028,WH003,2025-12-12,2025-12-17,2025-12-23,73,74.36,0.18,4451.19,Delivered,No,Surat
SO00929,PRD0070,CUST0118,WH003,2025-03-24,2025-03-28,,49,2632.52,0.01,127703.55,Processing,No,Kanpur
SO00930,PRD0030,CUST0187,WH005,2025-06-04,2025-06-07,2025-06-09,42,4593.93,0.0,192945.06,Delivered,No,Ahmedabad
SO00931,PRD0002,CUST0055,WH005,2025-06-02,2025-06-08,,64,4323.12,0.13,240711.32,Shipped,No,Kochi
SO00932,PRD0087,CUST0126,WH001,2025-05-05,2025-05-08,2025-05-13,67,2218.99,0.03,144212.16,Delivered,No,Nagpur
SO00933,PRD0096,CUST0193,WH005,2025-08-23,2025-08-29,,72,4666.13,0.11,299005.61,Processing,No,Nagpur
SO00934,PRD0004,CUST0146,WH004,2025-04-06,2025-04-08,,98,1617.34,0.02,155329.33,Shipped,No,Nagpur
SO00935,PRD0022,CUST0121,WH005,2025-12-29,2025-12-30,2026-01-04,93,1820.46,0.08,155758.56,Delivered,No,Delhi
SO00936,PRD0078,CUST0134,WH001,2025-04-07,2025-04-20,2025-04-27,38,3339.44,0.0,126898.72,Delivered,No,Kanpur
SO00937,PRD0035,CUST0093,WH007,2026-01-24,2026-02-07,,93,2218.25,0.19,167100.77,Processing,No,Kanpur
SO00938,PRD0048,CUST0003,WH007,2026-01-15,2026-01-20,2026-01-25,33,2799.75,0.02,90543.92,Delivered,No,Surat
SO00939,PRD0011,CUST0016,WH006,2025-12-08,2025-12-11,,79,1875.71,0.18,121508.49,Shipped,No,Coimbatore
SO00940,PRD0009,CUST0056,WH003,2025-07-07,2025-07-16,2025-07-22,94,2934.73,0.08,253795.45,Delivered,No,Surat
SO00941,PRD0081,CUST0064,WH008,2025-07-04,2025-07-10,2025-07-08,68,2414.08,0.08,151024.84,Delivered,Yes,Jaipur
SO00942,PRD0039,CUST0175,WH004,2025-06-03,2025-06-17,2025-06-24,76,3144.28,0.09,217458.4,Delivered,No,Kanpur
SO00943,PRD0078,CUST0020,WH003,2025-11-13,2025-11-14,,93,3339.44,0.15,263982.73,Shipped,No,Hyderabad
SO00944,PRD0044,CUST0040,WH004,2026-02-20,2026-02-24,,27,3134.07,0.14,72773.11,Processing,No,Lucknow
SO00945,PRD0056,CUST0021,WH001,2025-06-21,2025-06-25,2025-07-02,39,1966.0,0.01,75907.26,Delivered,No,Kolkata
SO00946,PRD0051,CUST0087,WH002,2025-07-15,2025-07-26,,47,2110.12,0.12,87274.56,Shipped,No,Jaipur
SO00947,PRD0009,CUST0017,WH002,2026-01-11,2026-01-14,2026-01-12,9,2934.73,0.18,21658.31,Delivered,Yes,Bangalore
SO00948,PRD0012,CUST0163,WH003,2025-07-04,2025-07-11,2025-07-16,47,4408.94,0.07,192714.77,Delivered,No,Kolkata
SO00949,PRD0024,CUST0140,WH006,2025-09-10,2025-09-18,2025-09-24,49,1118.49,0.04,52613.77,Delivered,No,Jaipur
SO00950,PRD0011,CUST0175,WH001,2026-02-02,2026-02-05,,10,1875.71,0.19,15193.25,Processing,No,Kanpur
SO00951,PRD0057,CUST0064,WH003,2025-09-08,2025-09-19,,64,4906.51,0.13,273194.48,Cancelled,No,Jaipur
SO00952,PRD0087,CUST0047,WH005,2026-02-13,2026-02-26,2026-03-01,51,2218.99,0.01,112036.81,Delivered,No,Kochi
SO00953,PRD0019,CUST0147,WH001,2026-02-17,2026-02-23,2026-02-28,27,4716.38,0.1,114608.03,Delivered,No,Lucknow
SO00954,PRD0063,CUST0032,WH003,2025-10-03,2025-10-14,2025-10-13,7,4575.75,0.11,28506.92,Delivered,Yes,Coimbatore
SO00955,PRD0014,CUST0055,WH004,2025-06-23,2025-06-24,2025-06-28,49,480.49,0.17,19541.53,Delivered,No,Kochi
SO00956,PRD0050,CUST0159,WH006,2025-06-03,2025-06-10,,9,1912.62,0.13,14975.81,Cancelled,No,Hyderabad
SO00957,PRD0011,CUST0065,WH004,2025-10-03,2025-10-07,2025-10-12,49,1875.71,0.08,84557.01,Delivered,No,Ahmedabad
SO00958,PRD0098,CUST0052,WH004,2025-03-26,2025-04-08,,22,1182.85,0.06,24461.34,Cancelled,No,Lucknow
SO00959,PRD0074,CUST0057,WH007,2025-10-12,2025-10-24,2025-10-28,77,4189.13,0.09,293532.34,Delivered,No,Coimbatore
SO00960,PRD0042,CUST0021,WH002,2025-03-24,2025-04-03,2025-04-09,11,3184.88,0.06,32931.66,Delivered,No,Kolkata
SO00961,PRD0007,CUST0171,WH007,2025-12-11,2025-12-15,,50,3299.83,0.17,136942.94,Cancelled,No,Lucknow
SO00962,PRD0032,CUST0064,WH007,2025-08-08,2025-08-16,2025-08-21,43,762.23,0.17,27203.99,Delivered,No,Jaipur
SO00963,PRD0012,CUST0186,WH005,2026-02-12,2026-02-18,2026-02-22,3,4408.94,0.08,12168.67,Delivered,No,Nagpur
SO00964,PRD0052,CUST0117,WH003,2025-10-21,2025-10-25,2025-10-25,54,4858.41,0.0,262354.14,Delivered,Yes,Lucknow
SO00965,PRD0059,CUST0167,WH001,2026-01-25,2026-01-29,2026-02-04,70,2580.04,0.03,175184.72,Delivered,No,Coimbatore
SO00966,PRD0083,CUST0060,WH002,2025-08-20,2025-08-31,2025-09-07,91,3433.07,0.12,274920.25,Delivered,No,Pune
SO00967,PRD0090,CUST0027,WH001,2025-08-14,2025-08-21,,52,3139.3,0.08,150184.11,Processing,No,Lucknow
SO00968,PRD0039,CUST0108,WH003,2025-03-26,2025-03-27,,91,3144.28,0.16,240348.76,Processing,No,Mumbai
SO00969,PRD0057,CUST0126,WH004,2025-11-01,2025-11-13,,15,4906.51,0.1,66237.89,Cancelled,No,Nagpur
SO00970,PRD0011,CUST0112,WH005,2025-03-18,2025-03-31,2025-04-06,72,1875.71,0.01,133700.61,Delivered,No,Pune
SO00971,PRD0031,CUST0002,WH008,2026-02-18,2026-02-20,2026-02-18,25,3578.26,0.08,82299.98,Delivered,Yes,Nagpur
SO00972,PRD0034,CUST0151,WH006,2025-12-05,2025-12-09,2025-12-15,57,4238.6,0.05,229520.19,Delivered,No,Kochi
SO00973,PRD0064,CUST0150,WH007,2025-05-24,2025-05-26,2025-05-30,16,1528.35,0.18,20051.95,Delivered,No,Kolkata
SO00974,PRD0047,CUST0111,WH005,2025-08-15,2025-08-19,,79,1297.86,0.01,101505.63,Shipped,No,Pune
SO00975,PRD0079,CUST0078,WH003,2025-12-05,2025-12-08,2025-12-15,27,3243.13,0.18,71802.9,Delivered,No,Pune
SO00976,PRD0074,CUST0058,WH002,2026-02-13,2026-02-23,,89,4189.13,0.06,350462.62,Cancelled,No,Kanpur
SO00977,PRD0013,CUST0120,WH008,2025-08-09,2025-08-13,2025-08-13,11,4659.9,0.16,43057.48,Delivered,Yes,Pune
SO00978,PRD0028,CUST0176,WH005,2025-09-27,2025-10-02,,42,3188.13,0.07,124528.36,Cancelled,No,Coimbatore
SO00979,PRD0071,CUST0198,WH007,2025-10-21,2025-10-29,,79,687.21,0.12,47774.84,Processing,No,Hyderabad
SO00980,PRD0019,CUST0004,WH005,2025-10-21,2025-10-22,,24,4716.38,0.07,105269.6,Shipped,No,Delhi
SO00981,PRD0041,CUST0018,WH005,2025-10-15,2025-10-22,,63,4208.92,0.03,257207.1,Processing,No,Chennai
SO00982,PRD0004,CUST0114,WH002,2025-04-05,2025-04-09,2025-04-13,83,1617.34,0.04,128869.65,Delivered,No,Coimbatore
SO00983,PRD0039,CUST0151,WH002,2025-08-24,2025-08-31,2025-09-05,68,3144.28,0.2,171048.83,Delivered,No,Kochi
SO00984,PRD0053,CUST0199,WH003,2025-07-21,2025-07-29,,10,2816.55,0.13,24503.98,Cancelled,No,Hyderabad
SO00985,PRD0061,CUST0051,WH007,2025-10-12,2025-10-18,2025-10-16,37,145.59,0.02,5279.09,Delivered,Yes,Surat
SO00986,PRD0025,CUST0149,WH007,2025-04-30,2025-05-07,,59,2111.07,0.1,112097.82,Shipped,No,Kochi
SO00987,PRD0027,CUST0033,WH002,2026-01-04,2026-01-11,,78,860.35,0.07,62409.79,Shipped,No,Kolkata
SO00988,PRD0085,CUST0113,WH006,2025-12-11,2025-12-21,,89,4254.94,0.13,329460.0,Cancelled,No,Ahmedabad
SO00989,PRD0099,CUST0071,WH004,2025-11-15,2025-11-27,2025-11-27,35,3950.54,0.17,114763.19,Delivered,Yes,Surat
SO00990,PRD0083,CUST0129,WH005,2025-06-27,2025-07-04,,28,3433.07,0.09,87474.62,Shipped,No,Jaipur
SO00991,PRD0007,CUST0058,WH008,2025-04-20,2025-04-30,,61,3299.83,0.06,189212.25,Shipped,No,Kanpur
SO00992,PRD0057,CUST0101,WH006,2025-04-26,2025-05-09,,75,4906.51,0.2,294390.6,Shipped,No,Chennai
SO00993,PRD0095,CUST0114,WH002,2025-06-24,2025-07-07,2025-07-05,78,453.32,0.06,33237.42,Delivered,Yes,Coimbatore
SO00994,PRD0033,CUST0197,WH004,2025-12-18,2025-12-23,,4,2415.44,0.18,7922.64,Cancelled,No,Pune
SO00995,PRD0064,CUST0154,WH007,2025-06-11,2025-06-20,,80,1528.35,0.18,100259.76,Cancelled,No,Mumbai
SO00996,PRD0034,CUST0017,WH004,2025-10-28,2025-11-02,2025-11-03,72,4238.6,0.19,247195.15,Delivered,No,Bangalore
SO00997,PRD0022,CUST0010,WH006,2025-05-13,2025-05-22,2025-05-26,76,1820.46,0.09,125903.01,Delivered,No,Lucknow
SO00998,PRD0087,CUST0127,WH006,2025-11-18,2025-11-28,2025-11-27,31,2218.99,0.14,59158.27,Delivered,Yes,Kochi
SO00999,PRD0100,CUST0052,WH004,2026-02-05,2026-02-12,,35,3938.86,0.15,117181.08,Shipped,No,Lucknow
SO01000,PRD0056,CUST0037,WH005,2025-08-10,2025-08-19,,65,1966.0,0.12,112455.2,Shipped,No,Bangalore
